[ 50%] [32mBuilding CXX object CMakeFiles/subscriber.dir/src/subscriber.cpp.o[0m
[ 50%] [32mBuilding CXX object CMakeFiles/publisher.dir/src/publisher.cpp.o[0m
[01m[K/home/kdh/Desktop/21th_robit_intern_kimdohun/ROS2/Day1/hw2/hw2_package/src/subscriber.cpp:30:50:[m[K [01;31m[Kerror: [m[K‘[01m[KInt[m[K’ in namespace ‘[01m[Kstd_msgs::msg[m[K’ does not name a type; did you mean ‘[01m[KInt32[m[K’?
   30 |     void topic_callback_int(const std_msgs::msg::[01;31m[KInt[m[K & msg) const
      |                                                  [01;31m[K^~~[m[K
      |                                                  [32m[KInt32[m[K
[01m[K/home/kdh/Desktop/21th_robit_intern_kimdohun/ROS2/Day1/hw2/hw2_package/src/subscriber.cpp:35:52:[m[K [01;31m[Kerror: [m[K‘[01m[KFloat[m[K’ in namespace ‘[01m[Kstd_msgs::msg[m[K’ does not name a type; did you mean ‘[01m[KFloat32[m[K’?
   35 |     void topic_callback_float(const std_msgs::msg::[01;31m[KFloat[m[K & msg) const
      |                                                    [01;31m[K^~~~~[m[K
      |                                                    [32m[KFloat32[m[K
[01m[K/home/kdh/Desktop/21th_robit_intern_kimdohun/ROS2/Day1/hw2/hw2_package/src/publisher.cpp:[m[K In constructor ‘[01m[KMinimalPublisher::[01;32m[KMinimalPublisher[m[K()[m[K’:
[01m[K/home/kdh/Desktop/21th_robit_intern_kimdohun/ROS2/Day1/hw2/hw2_package/src/publisher.cpp:25:7:[m[K [01;31m[Kerror: [m[K‘[01m[Kpublisher_float32[m[K’ was not declared in this scope; did you mean ‘[01m[Kpublisher_float32_[m[K’?
   25 |       [01;31m[Kpublisher_float32[m[K = this->create_publisher<std_msgs::msg::Float32>("topic_float32", 10);
      |       [01;31m[K^~~~~~~~~~~~~~~~~[m[K
      |       [32m[Kpublisher_float32_[m[K
[01m[K/home/kdh/Desktop/21th_robit_intern_kimdohun/ROS2/Day1/hw2/hw2_package/src/publisher.cpp:26:7:[m[K [01;31m[Kerror: [m[K‘[01m[Kpublisher_bool[m[K’ was not declared in this scope; did you mean ‘[01m[Kpublisher_bool_[m[K’?
   26 |       [01;31m[Kpublisher_bool[m[K = this->create_publisher<std_msgs::msg::Bool>("topic_bool", 10);
      |       [01;31m[K^~~~~~~~~~~~~~[m[K
      |       [32m[Kpublisher_bool_[m[K
[01m[K/home/kdh/Desktop/21th_robit_intern_kimdohun/ROS2/Day1/hw2/hw2_package/src/subscriber.cpp:[m[K In constructor ‘[01m[KMinimalSubscriber::[01;32m[KMinimalSubscriber[m[K()[m[K’:
[01m[K/home/kdh/Desktop/21th_robit_intern_kimdohun/ROS2/Day1/hw2/hw2_package/src/subscriber.cpp:18:155:[m[K [01;31m[Kerror: [m[Kno match for ‘[01m[Koperator=[m[K’ (operand types are ‘[01m[Krclcpp::Subscription<std_msgs::msg::String_<std::allocator<void> > >::SharedPtr[m[K’ {aka ‘[01m[Kstd::shared_ptr<rclcpp::Subscription<std_msgs::msg::String_<std::allocator<void> > > >[m[K’} and ‘[01m[Kstd::shared_ptr<rclcpp::Subscription<std_msgs::msg::Int32_<std::allocator<void> >, std::allocator<void>, std_msgs::msg::Int32_<std::allocator<void> >, std_msgs::msg::Int32_<std::allocator<void> >, rclcpp::message_memory_strategy::MessageMemoryStrategy<std_msgs::msg::Int32_<std::allocator<void> >, std::allocator<void> > > >[m[K’)
   18 |       subscription_int32_ = this->create_subscription<std_msgs::msg::Int32>("topic_int32", 10, std::bind(&MinimalSubscriber::topic_callback_int, this, _1)[01;31m[K)[m[K;
      |                                                                                                                                                           [01;31m[K^[m[K
In file included from [01m[K/usr/include/c++/13/memory:80[m[K,
                 from [01m[K/home/kdh/Desktop/21th_robit_intern_kimdohun/ROS2/Day1/hw2/hw2_package/src/subscriber.cpp:1[m[K:
[01m[K/usr/include/c++/13/bits/shared_ptr.h:418:9:[m[K [01;36m[Knote: [m[Kcandidate: ‘[01m[Ktemplate<class _Yp> std::shared_ptr<_Tp>::_Assignable<const std::shared_ptr<_Yp>&> std::shared_ptr<_Tp>::[01;32m[Koperator=[m[K(const std::shared_ptr<_Yp>&) [35m[K[with _Tp = rclcpp::Subscription<std_msgs::msg::String_<std::allocator<void> > >][m[K[m[K’
  418 |         [01;36m[Koperator[m[K=(const shared_ptr<_Yp>& __r) noexcept
      |         [01;36m[K^~~~~~~~[m[K
[01m[K/usr/include/c++/13/bits/shared_ptr.h:418:9:[m[K [01;36m[Knote: [m[K  template argument deduction/substitution failed:
/usr/include/c++/13/bits/shared_ptr.h: In substitution of ‘[01m[Ktemplate<class _Tp> template<class _Arg> using std::shared_ptr<_Tp>::_Assignable = typename std::enable_if<std::is_assignable<std::__shared_ptr<_Tp>&, _Arg>::value, std::shared_ptr<_Tp>&>::type [35m[K[with _Arg = const std::shared_ptr<rclcpp::Subscription<std_msgs::msg::Int32_<std::allocator<void> >, std::allocator<void>, std_msgs::msg::Int32_<std::allocator<void> >, std_msgs::msg::Int32_<std::allocator<void> >, rclcpp::message_memory_strategy::MessageMemoryStrategy<std_msgs::msg::Int32_<std::allocator<void> >, std::allocator<void> > > >&; _Tp = rclcpp::Subscription<std_msgs::msg::String_<std::allocator<void> > >][m[K[m[K’:
[01m[K/usr/include/c++/13/bits/shared_ptr.h:418:2:[m[K   required by substitution of ‘[01m[Ktemplate<class _Yp> std::shared_ptr<rclcpp::Subscription<std_msgs::msg::String_<std::allocator<void> > > >::_Assignable<const std::shared_ptr<_Tp>&> std::shared_ptr<rclcpp::Subscription<std_msgs::msg::String_<std::allocator<void> > > >::[01;32m[Koperator=[m[K(const std::shared_ptr<_Tp>&) [35m[K[with _Yp = rclcpp::Subscription<std_msgs::msg::Int32_<std::allocator<void> >, std::allocator<void>, std_msgs::msg::Int32_<std::allocator<void> >, std_msgs::msg::Int32_<std::allocator<void> >, rclcpp::message_memory_strategy::MessageMemoryStrategy<std_msgs::msg::Int32_<std::allocator<void> >, std::allocator<void> > >][m[K[m[K’
[01m[K/home/kdh/Desktop/21th_robit_intern_kimdohun/ROS2/Day1/hw2/hw2_package/src/subscriber.cpp:18:155:[m[K   required from here
[01m[K/usr/include/c++/13/bits/shared_ptr.h:183:15:[m[K [01;31m[Kerror: [m[Kno type named ‘[01m[Ktype[m[K’ in ‘[01m[Kstruct std::enable_if<false, std::shared_ptr<rclcpp::Subscription<std_msgs::msg::String_<std::allocator<void> > > >&>[m[K’
  183 |         using [01;31m[K_Assignable[m[K = typename enable_if<
      |               [01;31m[K^~~~~~~~~~~[m[K
[01m[K/usr/include/c++/13/bits/shared_ptr.h:429:9:[m[K [01;36m[Knote: [m[Kcandidate: ‘[01m[Ktemplate<class _Yp> std::shared_ptr<_Tp>::_Assignable<std::auto_ptr<_Up> > std::shared_ptr<_Tp>::[01;32m[Koperator=[m[K(std::auto_ptr<_Up>&&) [35m[K[with _Tp = rclcpp::Subscription<std_msgs::msg::String_<std::allocator<void> > >][m[K[m[K’
  429 |         [01;36m[Koperator[m[K=(auto_ptr<_Yp>&& __r)
      |         [01;36m[K^~~~~~~~[m[K
[01m[K/usr/include/c++/13/bits/shared_ptr.h:429:9:[m[K [01;36m[Knote: [m[K  template argument deduction/substitution failed:
[01m[K/home/kdh/Desktop/21th_robit_intern_kimdohun/ROS2/Day1/hw2/hw2_package/src/subscriber.cpp:18:155:[m[K [01;36m[Knote: [m[K  ‘[01m[Kstd::shared_ptr<rclcpp::Subscription<std_msgs::msg::Int32_<std::allocator<void> >, std::allocator<void>, std_msgs::msg::Int32_<std::allocator<void> >, std_msgs::msg::Int32_<std::allocator<void> >, rclcpp::message_memory_strategy::MessageMemoryStrategy<std_msgs::msg::Int32_<std::allocator<void> >, std::allocator<void> > > >[m[K’ is not derived from ‘[01m[Kstd::auto_ptr<_Up>[m[K’
   18 |       subscription_int32_ = this->create_subscription<std_msgs::msg::Int32>("topic_int32", 10, std::bind(&MinimalSubscriber::topic_callback_int, this, _1)[01;36m[K)[m[K;
      |                                                                                                                                                           [01;36m[K^[m[K
[01m[K/usr/include/c++/13/bits/shared_ptr.h:446:9:[m[K [01;36m[Knote: [m[Kcandidate: ‘[01m[Ktemplate<class _Yp> std::shared_ptr<_Tp>::_Assignable<std::shared_ptr<_Yp> > std::shared_ptr<_Tp>::[01;32m[Koperator=[m[K(std::shared_ptr<_Yp>&&) [35m[K[with _Tp = rclcpp::Subscription<std_msgs::msg::String_<std::allocator<void> > >][m[K[m[K’
  446 |         [01;36m[Koperator[m[K=(shared_ptr<_Yp>&& __r) noexcept
      |         [01;36m[K^~~~~~~~[m[K
[01m[K/usr/include/c++/13/bits/shared_ptr.h:446:9:[m[K [01;36m[Knote: [m[K  template argument deduction/substitution failed:
/usr/include/c++/13/bits/shared_ptr.h: In substitution of ‘[01m[Ktemplate<class _Tp> template<class _Arg> using std::shared_ptr<_Tp>::_Assignable = typename std::enable_if<std::is_assignable<std::__shared_ptr<_Tp>&, _Arg>::value, std::shared_ptr<_Tp>&>::type [35m[K[with _Arg = std::shared_ptr<rclcpp::Subscription<std_msgs::msg::Int32_<std::allocator<void> >, std::allocator<void>, std_msgs::msg::Int32_<std::allocator<void> >, std_msgs::msg::Int32_<std::allocator<void> >, rclcpp::message_memory_strategy::MessageMemoryStrategy<std_msgs::msg::Int32_<std::allocator<void> >, std::allocator<void> > > >; _Tp = rclcpp::Subscription<std_msgs::msg::String_<std::allocator<void> > >][m[K[m[K’:
[01m[K/usr/include/c++/13/bits/shared_ptr.h:446:2:[m[K   required by substitution of ‘[01m[Ktemplate<class _Yp> std::shared_ptr<rclcpp::Subscription<std_msgs::msg::String_<std::allocator<void> > > >::_Assignable<std::shared_ptr<_Tp> > std::shared_ptr<rclcpp::Subscription<std_msgs::msg::String_<std::allocator<void> > > >::[01;32m[Koperator=[m[K(std::shared_ptr<_Tp>&&) [35m[K[with _Yp = rclcpp::Subscription<std_msgs::msg::Int32_<std::allocator<void> >, std::allocator<void>, std_msgs::msg::Int32_<std::allocator<void> >, std_msgs::msg::Int32_<std::allocator<void> >, rclcpp::message_memory_strategy::MessageMemoryStrategy<std_msgs::msg::Int32_<std::allocator<void> >, std::allocator<void> > >][m[K[m[K’
[01m[K/home/kdh/Desktop/21th_robit_intern_kimdohun/ROS2/Day1/hw2/hw2_package/src/subscriber.cpp:18:155:[m[K   required from here
[01m[K/usr/include/c++/13/bits/shared_ptr.h:183:15:[m[K [01;31m[Kerror: [m[Kno type named ‘[01m[Ktype[m[K’ in ‘[01m[Kstruct std::enable_if<false, std::shared_ptr<rclcpp::Subscription<std_msgs::msg::String_<std::allocator<void> > > >&>[m[K’
  183 |         using [01;31m[K_Assignable[m[K = typename enable_if<
      |               [01;31m[K^~~~~~~~~~~[m[K
[01m[K/usr/include/c++/13/bits/shared_ptr.h:454:9:[m[K [01;36m[Knote: [m[Kcandidate: ‘[01m[Ktemplate<class _Yp, class _Del> std::shared_ptr<_Tp>::_Assignable<std::unique_ptr<_Up, _Ep> > std::shared_ptr<_Tp>::[01;32m[Koperator=[m[K(std::unique_ptr<_Up, _Ep>&&) [35m[K[with _Del = _Yp; _Tp = rclcpp::Subscription<std_msgs::msg::String_<std::allocator<void> > >][m[K[m[K’
  454 |         [01;36m[Koperator[m[K=(unique_ptr<_Yp, _Del>&& __r)
      |         [01;36m[K^~~~~~~~[m[K
[01m[K/usr/include/c++/13/bits/shared_ptr.h:454:9:[m[K [01;36m[Knote: [m[K  template argument deduction/substitution failed:
[01m[K/home/kdh/Desktop/21th_robit_intern_kimdohun/ROS2/Day1/hw2/hw2_package/src/subscriber.cpp:18:155:[m[K [01;36m[Knote: [m[K  ‘[01m[Kstd::shared_ptr<rclcpp::Subscription<std_msgs::msg::Int32_<std::allocator<void> >, std::allocator<void>, std_msgs::msg::Int32_<std::allocator<void> >, std_msgs::msg::Int32_<std::allocator<void> >, rclcpp::message_memory_strategy::MessageMemoryStrategy<std_msgs::msg::Int32_<std::allocator<void> >, std::allocator<void> > > >[m[K’ is not derived from ‘[01m[Kstd::unique_ptr<_Tp, _Dp>[m[K’
   18 |       subscription_int32_ = this->create_subscription<std_msgs::msg::Int32>("topic_int32", 10, std::bind(&MinimalSubscriber::topic_callback_int, this, _1)[01;36m[K)[m[K;
      |                                                                                                                                                           [01;36m[K^[m[K
[01m[K/usr/include/c++/13/bits/shared_ptr.h:414:19:[m[K [01;36m[Knote: [m[Kcandidate: ‘[01m[Kstd::shared_ptr<_Tp>& std::shared_ptr<_Tp>::[01;32m[Koperator=[m[K(const std::shared_ptr<_Tp>&) [35m[K[with _Tp = rclcpp::Subscription<std_msgs::msg::String_<std::allocator<void> > >][m[K[m[K’
  414 |       shared_ptr& [01;36m[Koperator[m[K=(const shared_ptr&) noexcept = default;
      |                   [01;36m[K^~~~~~~~[m[K
[01m[K/usr/include/c++/13/bits/shared_ptr.h:414:29:[m[K [01;36m[Knote: [m[K  no known conversion for argument 1 from ‘[01m[Kstd::shared_ptr<rclcpp::Subscription<std_msgs::msg::Int32_<std::allocator<void> >, std::allocator<void>, std_msgs::msg::Int32_<std::allocator<void> >, std_msgs::msg::Int32_<std::allocator<void> >, rclcpp::message_memory_strategy::MessageMemoryStrategy<std_msgs::msg::Int32_<std::allocator<void> >, std::allocator<void> > > >[m[K’ to ‘[01m[Kconst std::shared_ptr<rclcpp::Subscription<std_msgs::msg::String_<std::allocator<void> > > >&[m[K’
  414 |       shared_ptr& operator=([01;36m[Kconst shared_ptr&[m[K) noexcept = default;
      |                             [01;36m[K^~~~~~~~~~~~~~~~~[m[K
[01m[K/usr/include/c++/13/bits/shared_ptr.h:438:7:[m[K [01;36m[Knote: [m[Kcandidate: ‘[01m[Kstd::shared_ptr<_Tp>& std::shared_ptr<_Tp>::[01;32m[Koperator=[m[K(std::shared_ptr<_Tp>&&) [35m[K[with _Tp = rclcpp::Subscription<std_msgs::msg::String_<std::allocator<void> > >][m[K[m[K’
  438 |       [01;36m[Koperator[m[K=(shared_ptr&& __r) noexcept
      |       [01;36m[K^~~~~~~~[m[K
[01m[K/usr/include/c++/13/bits/shared_ptr.h:438:30:[m[K [01;36m[Knote: [m[K  no known conversion for argument 1 from ‘[01m[Kstd::shared_ptr<rclcpp::Subscription<std_msgs::msg::Int32_<std::allocator<void> >, std::allocator<void>, std_msgs::msg::Int32_<std::allocator<void> >, std_msgs::msg::Int32_<std::allocator<void> >, rclcpp::message_memory_strategy::MessageMemoryStrategy<std_msgs::msg::Int32_<std::allocator<void> >, std::allocator<void> > > >[m[K’ to ‘[01m[Kstd::shared_ptr<rclcpp::Subscription<std_msgs::msg::String_<std::allocator<void> > > >&&[m[K’
  438 |       operator=([01;36m[Kshared_ptr&& __r[m[K) noexcept
      |                 [01;36m[K~~~~~~~~~~~~~^~~[m[K
[01m[K/home/kdh/Desktop/21th_robit_intern_kimdohun/ROS2/Day1/hw2/hw2_package/src/publisher.cpp:[m[K In member function ‘[01m[Kvoid MinimalPublisher::[01;32m[Ktimer_callback[m[K()[m[K’:
[01m[K/home/kdh/Desktop/21th_robit_intern_kimdohun/ROS2/Day1/hw2/hw2_package/src/publisher.cpp:47:7:[m[K [01;31m[Kerror: [m[K‘[01m[Kpublisher_[m[K’ was not declared in this scope; did you mean ‘[01m[Kpublisher_bool_[m[K’?
   47 |       [01;31m[Kpublisher_[m[K->publish(message);
      |       [01;31m[K^~~~~~~~~~[m[K
      |       [32m[Kpublisher_bool_[m[K
[01m[K/home/kdh/Desktop/21th_robit_intern_kimdohun/ROS2/Day1/hw2/hw2_package/src/subscriber.cpp:19:162:[m[K [01;31m[Kerror: [m[Kno match for ‘[01m[Koperator=[m[K’ (operand types are ‘[01m[Krclcpp::Subscription<std_msgs::msg::String_<std::allocator<void> > >::SharedPtr[m[K’ {aka ‘[01m[Kstd::shared_ptr<rclcpp::Subscription<std_msgs::msg::String_<std::allocator<void> > > >[m[K’} and ‘[01m[Kstd::shared_ptr<rclcpp::Subscription<std_msgs::msg::Float32_<std::allocator<void> >, std::allocator<void>, std_msgs::msg::Float32_<std::allocator<void> >, std_msgs::msg::Float32_<std::allocator<void> >, rclcpp::message_memory_strategy::MessageMemoryStrategy<std_msgs::msg::Float32_<std::allocator<void> >, std::allocator<void> > > >[m[K’)
   19 |       subscription_float32 = this->create_subscription<std_msgs::msg::Float32>("topic_float32", 10, std::bind(&MinimalSubscriber::topic_callback_float, this, _1)[01;31m[K)[m[K;
      |                                                                                                                                                                  [01;31m[K^[m[K
[01m[K/usr/include/c++/13/bits/shared_ptr.h:418:9:[m[K [01;36m[Knote: [m[Kcandidate: ‘[01m[Ktemplate<class _Yp> std::shared_ptr<_Tp>::_Assignable<const std::shared_ptr<_Yp>&> std::shared_ptr<_Tp>::[01;32m[Koperator=[m[K(const std::shared_ptr<_Yp>&) [35m[K[with _Tp = rclcpp::Subscription<std_msgs::msg::String_<std::allocator<void> > >][m[K[m[K’
  418 |         [01;36m[Koperator[m[K=(const shared_ptr<_Yp>& __r) noexcept
      |         [01;36m[K^~~~~~~~[m[K
[01m[K/usr/include/c++/13/bits/shared_ptr.h:418:9:[m[K [01;36m[Knote: [m[K  template argument deduction/substitution failed:
/usr/include/c++/13/bits/shared_ptr.h: In substitution of ‘[01m[Ktemplate<class _Tp> template<class _Arg> using std::shared_ptr<_Tp>::_Assignable = typename std::enable_if<std::is_assignable<std::__shared_ptr<_Tp>&, _Arg>::value, std::shared_ptr<_Tp>&>::type [35m[K[with _Arg = const std::shared_ptr<rclcpp::Subscription<std_msgs::msg::Float32_<std::allocator<void> >, std::allocator<void>, std_msgs::msg::Float32_<std::allocator<void> >, std_msgs::msg::Float32_<std::allocator<void> >, rclcpp::message_memory_strategy::MessageMemoryStrategy<std_msgs::msg::Float32_<std::allocator<void> >, std::allocator<void> > > >&; _Tp = rclcpp::Subscription<std_msgs::msg::String_<std::allocator<void> > >][m[K[m[K’:
[01m[K/usr/include/c++/13/bits/shared_ptr.h:418:2:[m[K   required by substitution of ‘[01m[Ktemplate<class _Yp> std::shared_ptr<rclcpp::Subscription<std_msgs::msg::String_<std::allocator<void> > > >::_Assignable<const std::shared_ptr<_Tp>&> std::shared_ptr<rclcpp::Subscription<std_msgs::msg::String_<std::allocator<void> > > >::[01;32m[Koperator=[m[K(const std::shared_ptr<_Tp>&) [35m[K[with _Yp = rclcpp::Subscription<std_msgs::msg::Float32_<std::allocator<void> >, std::allocator<void>, std_msgs::msg::Float32_<std::allocator<void> >, std_msgs::msg::Float32_<std::allocator<void> >, rclcpp::message_memory_strategy::MessageMemoryStrategy<std_msgs::msg::Float32_<std::allocator<void> >, std::allocator<void> > >][m[K[m[K’
[01m[K/home/kdh/Desktop/21th_robit_intern_kimdohun/ROS2/Day1/hw2/hw2_package/src/subscriber.cpp:19:162:[m[K   required from here
[01m[K/usr/include/c++/13/bits/shared_ptr.h:183:15:[m[K [01;31m[Kerror: [m[Kno type named ‘[01m[Ktype[m[K’ in ‘[01m[Kstruct std::enable_if<false, std::shared_ptr<rclcpp::Subscription<std_msgs::msg::String_<std::allocator<void> > > >&>[m[K’
  183 |         using [01;31m[K_Assignable[m[K = typename enable_if<
      |               [01;31m[K^~~~~~~~~~~[m[K
[01m[K/usr/include/c++/13/bits/shared_ptr.h:429:9:[m[K [01;36m[Knote: [m[Kcandidate: ‘[01m[Ktemplate<class _Yp> std::shared_ptr<_Tp>::_Assignable<std::auto_ptr<_Up> > std::shared_ptr<_Tp>::[01;32m[Koperator=[m[K(std::auto_ptr<_Up>&&) [35m[K[with _Tp = rclcpp::Subscription<std_msgs::msg::String_<std::allocator<void> > >][m[K[m[K’
  429 |         [01;36m[Koperator[m[K=(auto_ptr<_Yp>&& __r)
      |         [01;36m[K^~~~~~~~[m[K
[01m[K/usr/include/c++/13/bits/shared_ptr.h:429:9:[m[K [01;36m[Knote: [m[K  template argument deduction/substitution failed:
[01m[K/home/kdh/Desktop/21th_robit_intern_kimdohun/ROS2/Day1/hw2/hw2_package/src/subscriber.cpp:19:162:[m[K [01;36m[Knote: [m[K  ‘[01m[Kstd::shared_ptr<rclcpp::Subscription<std_msgs::msg::Float32_<std::allocator<void> >, std::allocator<void>, std_msgs::msg::Float32_<std::allocator<void> >, std_msgs::msg::Float32_<std::allocator<void> >, rclcpp::message_memory_strategy::MessageMemoryStrategy<std_msgs::msg::Float32_<std::allocator<void> >, std::allocator<void> > > >[m[K’ is not derived from ‘[01m[Kstd::auto_ptr<_Up>[m[K’
   19 |       subscription_float32 = this->create_subscription<std_msgs::msg::Float32>("topic_float32", 10, std::bind(&MinimalSubscriber::topic_callback_float, this, _1)[01;36m[K)[m[K;
      |                                                                                                                                                                  [01;36m[K^[m[K
[01m[K/usr/include/c++/13/bits/shared_ptr.h:446:9:[m[K [01;36m[Knote: [m[Kcandidate: ‘[01m[Ktemplate<class _Yp> std::shared_ptr<_Tp>::_Assignable<std::shared_ptr<_Yp> > std::shared_ptr<_Tp>::[01;32m[Koperator=[m[K(std::shared_ptr<_Yp>&&) [35m[K[with _Tp = rclcpp::Subscription<std_msgs::msg::String_<std::allocator<void> > >][m[K[m[K’
  446 |         [01;36m[Koperator[m[K=(shared_ptr<_Yp>&& __r) noexcept
      |         [01;36m[K^~~~~~~~[m[K
[01m[K/usr/include/c++/13/bits/shared_ptr.h:446:9:[m[K [01;36m[Knote: [m[K  template argument deduction/substitution failed:
/usr/include/c++/13/bits/shared_ptr.h: In substitution of ‘[01m[Ktemplate<class _Tp> template<class _Arg> using std::shared_ptr<_Tp>::_Assignable = typename std::enable_if<std::is_assignable<std::__shared_ptr<_Tp>&, _Arg>::value, std::shared_ptr<_Tp>&>::type [35m[K[with _Arg = std::shared_ptr<rclcpp::Subscription<std_msgs::msg::Float32_<std::allocator<void> >, std::allocator<void>, std_msgs::msg::Float32_<std::allocator<void> >, std_msgs::msg::Float32_<std::allocator<void> >, rclcpp::message_memory_strategy::MessageMemoryStrategy<std_msgs::msg::Float32_<std::allocator<void> >, std::allocator<void> > > >; _Tp = rclcpp::Subscription<std_msgs::msg::String_<std::allocator<void> > >][m[K[m[K’:
[01m[K/usr/include/c++/13/bits/shared_ptr.h:446:2:[m[K   required by substitution of ‘[01m[Ktemplate<class _Yp> std::shared_ptr<rclcpp::Subscription<std_msgs::msg::String_<std::allocator<void> > > >::_Assignable<std::shared_ptr<_Tp> > std::shared_ptr<rclcpp::Subscription<std_msgs::msg::String_<std::allocator<void> > > >::[01;32m[Koperator=[m[K(std::shared_ptr<_Tp>&&) [35m[K[with _Yp = rclcpp::Subscription<std_msgs::msg::Float32_<std::allocator<void> >, std::allocator<void>, std_msgs::msg::Float32_<std::allocator<void> >, std_msgs::msg::Float32_<std::allocator<void> >, rclcpp::message_memory_strategy::MessageMemoryStrategy<std_msgs::msg::Float32_<std::allocator<void> >, std::allocator<void> > >][m[K[m[K’
[01m[K/home/kdh/Desktop/21th_robit_intern_kimdohun/ROS2/Day1/hw2/hw2_package/src/subscriber.cpp:19:162:[m[K   required from here
[01m[K/usr/include/c++/13/bits/shared_ptr.h:183:15:[m[K [01;31m[Kerror: [m[Kno type named ‘[01m[Ktype[m[K’ in ‘[01m[Kstruct std::enable_if<false, std::shared_ptr<rclcpp::Subscription<std_msgs::msg::String_<std::allocator<void> > > >&>[m[K’
  183 |         using [01;31m[K_Assignable[m[K = typename enable_if<
      |               [01;31m[K^~~~~~~~~~~[m[K
[01m[K/usr/include/c++/13/bits/shared_ptr.h:454:9:[m[K [01;36m[Knote: [m[Kcandidate: ‘[01m[Ktemplate<class _Yp, class _Del> std::shared_ptr<_Tp>::_Assignable<std::unique_ptr<_Up, _Ep> > std::shared_ptr<_Tp>::[01;32m[Koperator=[m[K(std::unique_ptr<_Up, _Ep>&&) [35m[K[with _Del = _Yp; _Tp = rclcpp::Subscription<std_msgs::msg::String_<std::allocator<void> > >][m[K[m[K’
  454 |         [01;36m[Koperator[m[K=(unique_ptr<_Yp, _Del>&& __r)
      |         [01;36m[K^~~~~~~~[m[K
[01m[K/usr/include/c++/13/bits/shared_ptr.h:454:9:[m[K [01;36m[Knote: [m[K  template argument deduction/substitution failed:
[01m[K/home/kdh/Desktop/21th_robit_intern_kimdohun/ROS2/Day1/hw2/hw2_package/src/subscriber.cpp:19:162:[m[K [01;36m[Knote: [m[K  ‘[01m[Kstd::shared_ptr<rclcpp::Subscription<std_msgs::msg::Float32_<std::allocator<void> >, std::allocator<void>, std_msgs::msg::Float32_<std::allocator<void> >, std_msgs::msg::Float32_<std::allocator<void> >, rclcpp::message_memory_strategy::MessageMemoryStrategy<std_msgs::msg::Float32_<std::allocator<void> >, std::allocator<void> > > >[m[K’ is not derived from ‘[01m[Kstd::unique_ptr<_Tp, _Dp>[m[K’
   19 |       subscription_float32 = this->create_subscription<std_msgs::msg::Float32>("topic_float32", 10, std::bind(&MinimalSubscriber::topic_callback_float, this, _1)[01;36m[K)[m[K;
      |                                                                                                                                                                  [01;36m[K^[m[K
[01m[K/usr/include/c++/13/bits/shared_ptr.h:414:19:[m[K [01;36m[Knote: [m[Kcandidate: ‘[01m[Kstd::shared_ptr<_Tp>& std::shared_ptr<_Tp>::[01;32m[Koperator=[m[K(const std::shared_ptr<_Tp>&) [35m[K[with _Tp = rclcpp::Subscription<std_msgs::msg::String_<std::allocator<void> > >][m[K[m[K’
  414 |       shared_ptr& [01;36m[Koperator[m[K=(const shared_ptr&) noexcept = default;
      |                   [01;36m[K^~~~~~~~[m[K
[01m[K/usr/include/c++/13/bits/shared_ptr.h:414:29:[m[K [01;36m[Knote: [m[K  no known conversion for argument 1 from ‘[01m[Kstd::shared_ptr<rclcpp::Subscription<std_msgs::msg::Float32_<std::allocator<void> >, std::allocator<void>, std_msgs::msg::Float32_<std::allocator<void> >, std_msgs::msg::Float32_<std::allocator<void> >, rclcpp::message_memory_strategy::MessageMemoryStrategy<std_msgs::msg::Float32_<std::allocator<void> >, std::allocator<void> > > >[m[K’ to ‘[01m[Kconst std::shared_ptr<rclcpp::Subscription<std_msgs::msg::String_<std::allocator<void> > > >&[m[K’
  414 |       shared_ptr& operator=([01;36m[Kconst shared_ptr&[m[K) noexcept = default;
      |                             [01;36m[K^~~~~~~~~~~~~~~~~[m[K
[01m[K/usr/include/c++/13/bits/shared_ptr.h:438:7:[m[K [01;36m[Knote: [m[Kcandidate: ‘[01m[Kstd::shared_ptr<_Tp>& std::shared_ptr<_Tp>::[01;32m[Koperator=[m[K(std::shared_ptr<_Tp>&&) [35m[K[with _Tp = rclcpp::Subscription<std_msgs::msg::String_<std::allocator<void> > >][m[K[m[K’
  438 |       [01;36m[Koperator[m[K=(shared_ptr&& __r) noexcept
      |       [01;36m[K^~~~~~~~[m[K
[01m[K/usr/include/c++/13/bits/shared_ptr.h:438:30:[m[K [01;36m[Knote: [m[K  no known conversion for argument 1 from ‘[01m[Kstd::shared_ptr<rclcpp::Subscription<std_msgs::msg::Float32_<std::allocator<void> >, std::allocator<void>, std_msgs::msg::Float32_<std::allocator<void> >, std_msgs::msg::Float32_<std::allocator<void> >, rclcpp::message_memory_strategy::MessageMemoryStrategy<std_msgs::msg::Float32_<std::allocator<void> >, std::allocator<void> > > >[m[K’ to ‘[01m[Kstd::shared_ptr<rclcpp::Subscription<std_msgs::msg::String_<std::allocator<void> > > >&&[m[K’
  438 |       operator=([01;36m[Kshared_ptr&& __r[m[K) noexcept
      |                 [01;36m[K~~~~~~~~~~~~~^~~[m[K
[01m[K/home/kdh/Desktop/21th_robit_intern_kimdohun/ROS2/Day1/hw2/hw2_package/src/subscriber.cpp:20:152:[m[K [01;31m[Kerror: [m[Kno match for ‘[01m[Koperator=[m[K’ (operand types are ‘[01m[Krclcpp::Subscription<std_msgs::msg::String_<std::allocator<void> > >::SharedPtr[m[K’ {aka ‘[01m[Kstd::shared_ptr<rclcpp::Subscription<std_msgs::msg::String_<std::allocator<void> > > >[m[K’} and ‘[01m[Kstd::shared_ptr<rclcpp::Subscription<std_msgs::msg::Bool_<std::allocator<void> >, std::allocator<void>, std_msgs::msg::Bool_<std::allocator<void> >, std_msgs::msg::Bool_<std::allocator<void> >, rclcpp::message_memory_strategy::MessageMemoryStrategy<std_msgs::msg::Bool_<std::allocator<void> >, std::allocator<void> > > >[m[K’)
   20 |       subscription_bool = this->create_subscription<std_msgs::msg::Bool>("topic_bool", 10, std::bind(&MinimalSubscriber::topic_callback_bool, this, _1)[01;31m[K)[m[K;
      |                                                                                                                                                        [01;31m[K^[m[K
[01m[K/usr/include/c++/13/bits/shared_ptr.h:418:9:[m[K [01;36m[Knote: [m[Kcandidate: ‘[01m[Ktemplate<class _Yp> std::shared_ptr<_Tp>::_Assignable<const std::shared_ptr<_Yp>&> std::shared_ptr<_Tp>::[01;32m[Koperator=[m[K(const std::shared_ptr<_Yp>&) [35m[K[with _Tp = rclcpp::Subscription<std_msgs::msg::String_<std::allocator<void> > >][m[K[m[K’
  418 |         [01;36m[Koperator[m[K=(const shared_ptr<_Yp>& __r) noexcept
      |         [01;36m[K^~~~~~~~[m[K
[01m[K/usr/include/c++/13/bits/shared_ptr.h:418:9:[m[K [01;36m[Knote: [m[K  template argument deduction/substitution failed:
/usr/include/c++/13/bits/shared_ptr.h: In substitution of ‘[01m[Ktemplate<class _Tp> template<class _Arg> using std::shared_ptr<_Tp>::_Assignable = typename std::enable_if<std::is_assignable<std::__shared_ptr<_Tp>&, _Arg>::value, std::shared_ptr<_Tp>&>::type [35m[K[with _Arg = const std::shared_ptr<rclcpp::Subscription<std_msgs::msg::Bool_<std::allocator<void> >, std::allocator<void>, std_msgs::msg::Bool_<std::allocator<void> >, std_msgs::msg::Bool_<std::allocator<void> >, rclcpp::message_memory_strategy::MessageMemoryStrategy<std_msgs::msg::Bool_<std::allocator<void> >, std::allocator<void> > > >&; _Tp = rclcpp::Subscription<std_msgs::msg::String_<std::allocator<void> > >][m[K[m[K’:
[01m[K/usr/include/c++/13/bits/shared_ptr.h:418:2:[m[K   required by substitution of ‘[01m[Ktemplate<class _Yp> std::shared_ptr<rclcpp::Subscription<std_msgs::msg::String_<std::allocator<void> > > >::_Assignable<const std::shared_ptr<_Tp>&> std::shared_ptr<rclcpp::Subscription<std_msgs::msg::String_<std::allocator<void> > > >::[01;32m[Koperator=[m[K(const std::shared_ptr<_Tp>&) [35m[K[with _Yp = rclcpp::Subscription<std_msgs::msg::Bool_<std::allocator<void> >, std::allocator<void>, std_msgs::msg::Bool_<std::allocator<void> >, std_msgs::msg::Bool_<std::allocator<void> >, rclcpp::message_memory_strategy::MessageMemoryStrategy<std_msgs::msg::Bool_<std::allocator<void> >, std::allocator<void> > >][m[K[m[K’
[01m[K/home/kdh/Desktop/21th_robit_intern_kimdohun/ROS2/Day1/hw2/hw2_package/src/subscriber.cpp:20:152:[m[K   required from here
[01m[K/usr/include/c++/13/bits/shared_ptr.h:183:15:[m[K [01;31m[Kerror: [m[Kno type named ‘[01m[Ktype[m[K’ in ‘[01m[Kstruct std::enable_if<false, std::shared_ptr<rclcpp::Subscription<std_msgs::msg::String_<std::allocator<void> > > >&>[m[K’
  183 |         using [01;31m[K_Assignable[m[K = typename enable_if<
      |               [01;31m[K^~~~~~~~~~~[m[K
[01m[K/usr/include/c++/13/bits/shared_ptr.h:429:9:[m[K [01;36m[Knote: [m[Kcandidate: ‘[01m[Ktemplate<class _Yp> std::shared_ptr<_Tp>::_Assignable<std::auto_ptr<_Up> > std::shared_ptr<_Tp>::[01;32m[Koperator=[m[K(std::auto_ptr<_Up>&&) [35m[K[with _Tp = rclcpp::Subscription<std_msgs::msg::String_<std::allocator<void> > >][m[K[m[K’
  429 |         [01;36m[Koperator[m[K=(auto_ptr<_Yp>&& __r)
      |         [01;36m[K^~~~~~~~[m[K
[01m[K/usr/include/c++/13/bits/shared_ptr.h:429:9:[m[K [01;36m[Knote: [m[K  template argument deduction/substitution failed:
[01m[K/home/kdh/Desktop/21th_robit_intern_kimdohun/ROS2/Day1/hw2/hw2_package/src/subscriber.cpp:20:152:[m[K [01;36m[Knote: [m[K  ‘[01m[Kstd::shared_ptr<rclcpp::Subscription<std_msgs::msg::Bool_<std::allocator<void> >, std::allocator<void>, std_msgs::msg::Bool_<std::allocator<void> >, std_msgs::msg::Bool_<std::allocator<void> >, rclcpp::message_memory_strategy::MessageMemoryStrategy<std_msgs::msg::Bool_<std::allocator<void> >, std::allocator<void> > > >[m[K’ is not derived from ‘[01m[Kstd::auto_ptr<_Up>[m[K’
   20 |       subscription_bool = this->create_subscription<std_msgs::msg::Bool>("topic_bool", 10, std::bind(&MinimalSubscriber::topic_callback_bool, this, _1)[01;36m[K)[m[K;
      |                                                                                                                                                        [01;36m[K^[m[K
[01m[K/usr/include/c++/13/bits/shared_ptr.h:446:9:[m[K [01;36m[Knote: [m[Kcandidate: ‘[01m[Ktemplate<class _Yp> std::shared_ptr<_Tp>::_Assignable<std::shared_ptr<_Yp> > std::shared_ptr<_Tp>::[01;32m[Koperator=[m[K(std::shared_ptr<_Yp>&&) [35m[K[with _Tp = rclcpp::Subscription<std_msgs::msg::String_<std::allocator<void> > >][m[K[m[K’
  446 |         [01;36m[Koperator[m[K=(shared_ptr<_Yp>&& __r) noexcept
      |         [01;36m[K^~~~~~~~[m[K
[01m[K/usr/include/c++/13/bits/shared_ptr.h:446:9:[m[K [01;36m[Knote: [m[K  template argument deduction/substitution failed:
/usr/include/c++/13/bits/shared_ptr.h: In substitution of ‘[01m[Ktemplate<class _Tp> template<class _Arg> using std::shared_ptr<_Tp>::_Assignable = typename std::enable_if<std::is_assignable<std::__shared_ptr<_Tp>&, _Arg>::value, std::shared_ptr<_Tp>&>::type [35m[K[with _Arg = std::shared_ptr<rclcpp::Subscription<std_msgs::msg::Bool_<std::allocator<void> >, std::allocator<void>, std_msgs::msg::Bool_<std::allocator<void> >, std_msgs::msg::Bool_<std::allocator<void> >, rclcpp::message_memory_strategy::MessageMemoryStrategy<std_msgs::msg::Bool_<std::allocator<void> >, std::allocator<void> > > >; _Tp = rclcpp::Subscription<std_msgs::msg::String_<std::allocator<void> > >][m[K[m[K’:
[01m[K/usr/include/c++/13/bits/shared_ptr.h:446:2:[m[K   required by substitution of ‘[01m[Ktemplate<class _Yp> std::shared_ptr<rclcpp::Subscription<std_msgs::msg::String_<std::allocator<void> > > >::_Assignable<std::shared_ptr<_Tp> > std::shared_ptr<rclcpp::Subscription<std_msgs::msg::String_<std::allocator<void> > > >::[01;32m[Koperator=[m[K(std::shared_ptr<_Tp>&&) [35m[K[with _Yp = rclcpp::Subscription<std_msgs::msg::Bool_<std::allocator<void> >, std::allocator<void>, std_msgs::msg::Bool_<std::allocator<void> >, std_msgs::msg::Bool_<std::allocator<void> >, rclcpp::message_memory_strategy::MessageMemoryStrategy<std_msgs::msg::Bool_<std::allocator<void> >, std::allocator<void> > >][m[K[m[K’
[01m[K/home/kdh/Desktop/21th_robit_intern_kimdohun/ROS2/Day1/hw2/hw2_package/src/subscriber.cpp:20:152:[m[K   required from here
[01m[K/usr/include/c++/13/bits/shared_ptr.h:183:15:[m[K [01;31m[Kerror: [m[Kno type named ‘[01m[Ktype[m[K’ in ‘[01m[Kstruct std::enable_if<false, std::shared_ptr<rclcpp::Subscription<std_msgs::msg::String_<std::allocator<void> > > >&>[m[K’
  183 |         using [01;31m[K_Assignable[m[K = typename enable_if<
      |               [01;31m[K^~~~~~~~~~~[m[K
[01m[K/usr/include/c++/13/bits/shared_ptr.h:454:9:[m[K [01;36m[Knote: [m[Kcandidate: ‘[01m[Ktemplate<class _Yp, class _Del> std::shared_ptr<_Tp>::_Assignable<std::unique_ptr<_Up, _Ep> > std::shared_ptr<_Tp>::[01;32m[Koperator=[m[K(std::unique_ptr<_Up, _Ep>&&) [35m[K[with _Del = _Yp; _Tp = rclcpp::Subscription<std_msgs::msg::String_<std::allocator<void> > >][m[K[m[K’
  454 |         [01;36m[Koperator[m[K=(unique_ptr<_Yp, _Del>&& __r)
      |         [01;36m[K^~~~~~~~[m[K
[01m[K/usr/include/c++/13/bits/shared_ptr.h:454:9:[m[K [01;36m[Knote: [m[K  template argument deduction/substitution failed:
[01m[K/home/kdh/Desktop/21th_robit_intern_kimdohun/ROS2/Day1/hw2/hw2_package/src/subscriber.cpp:20:152:[m[K [01;36m[Knote: [m[K  ‘[01m[Kstd::shared_ptr<rclcpp::Subscription<std_msgs::msg::Bool_<std::allocator<void> >, std::allocator<void>, std_msgs::msg::Bool_<std::allocator<void> >, std_msgs::msg::Bool_<std::allocator<void> >, rclcpp::message_memory_strategy::MessageMemoryStrategy<std_msgs::msg::Bool_<std::allocator<void> >, std::allocator<void> > > >[m[K’ is not derived from ‘[01m[Kstd::unique_ptr<_Tp, _Dp>[m[K’
   20 |       subscription_bool = this->create_subscription<std_msgs::msg::Bool>("topic_bool", 10, std::bind(&MinimalSubscriber::topic_callback_bool, this, _1)[01;36m[K)[m[K;
      |                                                                                                                                                        [01;36m[K^[m[K
[01m[K/usr/include/c++/13/bits/shared_ptr.h:414:19:[m[K [01;36m[Knote: [m[Kcandidate: ‘[01m[Kstd::shared_ptr<_Tp>& std::shared_ptr<_Tp>::[01;32m[Koperator=[m[K(const std::shared_ptr<_Tp>&) [35m[K[with _Tp = rclcpp::Subscription<std_msgs::msg::String_<std::allocator<void> > >][m[K[m[K’
  414 |       shared_ptr& [01;36m[Koperator[m[K=(const shared_ptr&) noexcept = default;
      |                   [01;36m[K^~~~~~~~[m[K
[01m[K/usr/include/c++/13/bits/shared_ptr.h:414:29:[m[K [01;36m[Knote: [m[K  no known conversion for argument 1 from ‘[01m[Kstd::shared_ptr<rclcpp::Subscription<std_msgs::msg::Bool_<std::allocator<void> >, std::allocator<void>, std_msgs::msg::Bool_<std::allocator<void> >, std_msgs::msg::Bool_<std::allocator<void> >, rclcpp::message_memory_strategy::MessageMemoryStrategy<std_msgs::msg::Bool_<std::allocator<void> >, std::allocator<void> > > >[m[K’ to ‘[01m[Kconst std::shared_ptr<rclcpp::Subscription<std_msgs::msg::String_<std::allocator<void> > > >&[m[K’
  414 |       shared_ptr& operator=([01;36m[Kconst shared_ptr&[m[K) noexcept = default;
      |                             [01;36m[K^~~~~~~~~~~~~~~~~[m[K
[01m[K/usr/include/c++/13/bits/shared_ptr.h:438:7:[m[K [01;36m[Knote: [m[Kcandidate: ‘[01m[Kstd::shared_ptr<_Tp>& std::shared_ptr<_Tp>::[01;32m[Koperator=[m[K(std::shared_ptr<_Tp>&&) [35m[K[with _Tp = rclcpp::Subscription<std_msgs::msg::String_<std::allocator<void> > >][m[K[m[K’
  438 |       [01;36m[Koperator[m[K=(shared_ptr&& __r) noexcept
      |       [01;36m[K^~~~~~~~[m[K
[01m[K/usr/include/c++/13/bits/shared_ptr.h:438:30:[m[K [01;36m[Knote: [m[K  no known conversion for argument 1 from ‘[01m[Kstd::shared_ptr<rclcpp::Subscription<std_msgs::msg::Bool_<std::allocator<void> >, std::allocator<void>, std_msgs::msg::Bool_<std::allocator<void> >, std_msgs::msg::Bool_<std::allocator<void> >, rclcpp::message_memory_strategy::MessageMemoryStrategy<std_msgs::msg::Bool_<std::allocator<void> >, std::allocator<void> > > >[m[K’ to ‘[01m[Kstd::shared_ptr<rclcpp::Subscription<std_msgs::msg::String_<std::allocator<void> > > >&&[m[K’
  438 |       operator=([01;36m[Kshared_ptr&& __r[m[K) noexcept
      |                 [01;36m[K~~~~~~~~~~~~~^~~[m[K
In file included from [01m[K/opt/ros/jazzy/include/rclcpp/rclcpp/logging.hpp:24[m[K,
                 from [01m[K/opt/ros/jazzy/include/rclcpp/rclcpp/copy_all_parameter_values.hpp:27[m[K,
                 from [01m[K/opt/ros/jazzy/include/rclcpp/rclcpp/rclcpp.hpp:175[m[K,
                 from [01m[K/home/kdh/Desktop/21th_robit_intern_kimdohun/ROS2/Day1/hw2/hw2_package/src/subscriber.cpp:3[m[K:
[01m[K/home/kdh/Desktop/21th_robit_intern_kimdohun/ROS2/Day1/hw2/hw2_package/src/subscriber.cpp:[m[K In member function ‘[01m[Kvoid MinimalSubscriber::[01;32m[Ktopic_callback_int[m[K(const int&) const[m[K’:
[01m[K/home/kdh/Desktop/21th_robit_intern_kimdohun/ROS2/Day1/hw2/hw2_package/src/subscriber.cpp:32:67:[m[K [01;31m[Kerror: [m[Krequest for member ‘[01m[Kdata[m[K’ in ‘[01m[Kmsg[m[K’, which is of non-class type ‘[01m[Kconst int[m[K’
   32 |       RCLCPP_INFO(this->get_logger(), "Int subscriber: '%d'", msg.[01;31m[Kdata[m[K);
      |                                                                   [01;31m[K^~~~[m[K
[01m[K/home/kdh/Desktop/21th_robit_intern_kimdohun/ROS2/Day1/hw2/hw2_package/src/subscriber.cpp:[m[K In member function ‘[01m[Kvoid MinimalSubscriber::[01;32m[Ktopic_callback_float[m[K(const int&) const[m[K’:
[01m[K/home/kdh/Desktop/21th_robit_intern_kimdohun/ROS2/Day1/hw2/hw2_package/src/subscriber.cpp:37:71:[m[K [01;31m[Kerror: [m[Krequest for member ‘[01m[Kdata[m[K’ in ‘[01m[Kmsg[m[K’, which is of non-class type ‘[01m[Kconst int[m[K’
   37 |       RCLCPP_INFO(this->get_logger(), "Float subscriber: '%.2f'", msg.[01;31m[Kdata[m[K);
      |                                                                       [01;31m[K^~~~[m[K
In file included from [01m[K/opt/ros/jazzy/include/rclcpp/rclcpp/subscription_base.hpp:32[m[K,
                 from [01m[K/opt/ros/jazzy/include/rclcpp/rclcpp/callback_group.hpp:29[m[K,
                 from [01m[K/opt/ros/jazzy/include/rclcpp/rclcpp/any_executable.hpp:20[m[K,
                 from [01m[K/opt/ros/jazzy/include/rclcpp/rclcpp/memory_strategy.hpp:25[m[K,
                 from [01m[K/opt/ros/jazzy/include/rclcpp/rclcpp/memory_strategies.hpp:18[m[K,
                 from [01m[K/opt/ros/jazzy/include/rclcpp/rclcpp/executor_options.hpp:22[m[K,
                 from [01m[K/opt/ros/jazzy/include/rclcpp/rclcpp/executor.hpp:38[m[K,
                 from [01m[K/opt/ros/jazzy/include/rclcpp/rclcpp/executors/multi_threaded_executor.hpp:25[m[K,
                 from [01m[K/opt/ros/jazzy/include/rclcpp/rclcpp/executors.hpp:21[m[K,
                 from [01m[K/opt/ros/jazzy/include/rclcpp/rclcpp/rclcpp.hpp:176[m[K:
/opt/ros/jazzy/include/rclcpp/rclcpp/any_subscription_callback.hpp: In instantiation of ‘[01m[Krclcpp::AnySubscriptionCallback<MessageT, AllocatorT> rclcpp::AnySubscriptionCallback<MessageT, AllocatorT>::[01;32m[Kset[m[K(CallbackT) [35m[K[with CallbackT = std::_Bind<void (MinimalSubscriber::*(MinimalSubscriber*, std::_Placeholder<1>))(const int&) const>; MessageT = std_msgs::msg::Int32_<std::allocator<void> >; AllocatorT = std::allocator<void>][m[K[m[K’:
[01m[K/opt/ros/jazzy/include/rclcpp/rclcpp/subscription_factory.hpp:93:32:[m[K   required from ‘[01m[Krclcpp::SubscriptionFactory rclcpp::[01;32m[Kcreate_subscription_factory[m[K(CallbackT&&, const SubscriptionOptionsWithAllocator<AllocatorT>&, typename MessageMemoryStrategyT::SharedPtr, std::shared_ptr<topic_statistics::SubscriptionTopicStatistics>) [35m[K[with MessageT = std_msgs::msg::Int32_<std::allocator<void> >; CallbackT = std::_Bind<void (MinimalSubscriber::*(MinimalSubscriber*, std::_Placeholder<1>))(const int&) const>; AllocatorT = std::allocator<void>; SubscriptionT = Subscription<std_msgs::msg::Int32_<std::allocator<void> >, std::allocator<void>, std_msgs::msg::Int32_<std::allocator<void> >, std_msgs::msg::Int32_<std::allocator<void> >, message_memory_strategy::MessageMemoryStrategy<std_msgs::msg::Int32_<std::allocator<void> >, std::allocator<void> > >; MessageMemoryStrategyT = message_memory_strategy::MessageMemoryStrategy<std_msgs::msg::Int32_<std::allocator<void> >, std::allocator<void> >; typename MessageMemoryStrategyT::SharedPtr = std::shared_ptr<message_memory_strategy::MessageMemoryStrategy<std_msgs::msg::Int32_<std::allocator<void> >, std::allocator<void> > >][m[K[m[K’
[01m[K/opt/ros/jazzy/include/rclcpp/rclcpp/create_subscription.hpp:121:63:[m[K   required from ‘[01m[Kstd::shared_ptr<ROSMessageT> rclcpp::detail::[01;32m[Kcreate_subscription[m[K(NodeParametersT&, NodeTopicsT&, const std::string&, const rclcpp::QoS&, CallbackT&&, const rclcpp::SubscriptionOptionsWithAllocator<AllocatorT>&, typename MessageMemoryStrategyT::SharedPtr) [35m[K[with MessageT = std_msgs::msg::Int32_<std::allocator<void> >; CallbackT = std::_Bind<void (MinimalSubscriber::*(MinimalSubscriber*, std::_Placeholder<1>))(const int&) const>; AllocatorT = std::allocator<void>; SubscriptionT = rclcpp::Subscription<std_msgs::msg::Int32_<std::allocator<void> >, std::allocator<void>, std_msgs::msg::Int32_<std::allocator<void> >, std_msgs::msg::Int32_<std::allocator<void> >, rclcpp::message_memory_strategy::MessageMemoryStrategy<std_msgs::msg::Int32_<std::allocator<void> >, std::allocator<void> > >; MessageMemoryStrategyT = rclcpp::message_memory_strategy::MessageMemoryStrategy<std_msgs::msg::Int32_<std::allocator<void> >, std::allocator<void> >; NodeParametersT = rclcpp::Node; NodeTopicsT = rclcpp::Node; std::string = std::__cxx11::basic_string<char>; typename MessageMemoryStrategyT::SharedPtr = std::shared_ptr<rclcpp::message_memory_strategy::MessageMemoryStrategy<std_msgs::msg::Int32_<std::allocator<void> >, std::allocator<void> > >][m[K[m[K’
[01m[K/opt/ros/jazzy/include/rclcpp/rclcpp/create_subscription.hpp:190:76:[m[K   required from ‘[01m[Kstd::shared_ptr<ROSMessageT> rclcpp::[01;32m[Kcreate_subscription[m[K(NodeT&, const std::string&, const QoS&, CallbackT&&, const SubscriptionOptionsWithAllocator<AllocatorT>&, typename MessageMemoryStrategyT::SharedPtr) [35m[K[with MessageT = std_msgs::msg::Int32_<std::allocator<void> >; CallbackT = std::_Bind<void (MinimalSubscriber::*(MinimalSubscriber*, std::_Placeholder<1>))(const int&) const>; AllocatorT = std::allocator<void>; SubscriptionT = Subscription<std_msgs::msg::Int32_<std::allocator<void> >, std::allocator<void>, std_msgs::msg::Int32_<std::allocator<void> >, std_msgs::msg::Int32_<std::allocator<void> >, message_memory_strategy::MessageMemoryStrategy<std_msgs::msg::Int32_<std::allocator<void> >, std::allocator<void> > >; MessageMemoryStrategyT = message_memory_strategy::MessageMemoryStrategy<std_msgs::msg::Int32_<std::allocator<void> >, std::allocator<void> >; NodeT = Node; std::string = std::__cxx11::basic_string<char>; typename MessageMemoryStrategyT::SharedPtr = std::shared_ptr<message_memory_strategy::MessageMemoryStrategy<std_msgs::msg::Int32_<std::allocator<void> >, std::allocator<void> > >][m[K[m[K’
[01m[K/opt/ros/jazzy/include/rclcpp/rclcpp/node_impl.hpp:99:47:[m[K   required from ‘[01m[Kstd::shared_ptr<ROSMessageT> rclcpp::Node::[01;32m[Kcreate_subscription[m[K(const std::string&, const rclcpp::QoS&, CallbackT&&, const rclcpp::SubscriptionOptionsWithAllocator<AllocatorT>&, typename MessageMemoryStrategyT::SharedPtr) [35m[K[with MessageT = std_msgs::msg::Int32_<std::allocator<void> >; CallbackT = std::_Bind<void (MinimalSubscriber::*(MinimalSubscriber*, std::_Placeholder<1>))(const int&) const>; AllocatorT = std::allocator<void>; SubscriptionT = rclcpp::Subscription<std_msgs::msg::Int32_<std::allocator<void> >, std::allocator<void>, std_msgs::msg::Int32_<std::allocator<void> >, std_msgs::msg::Int32_<std::allocator<void> >, rclcpp::message_memory_strategy::MessageMemoryStrategy<std_msgs::msg::Int32_<std::allocator<void> >, std::allocator<void> > >; MessageMemoryStrategyT = rclcpp::message_memory_strategy::MessageMemoryStrategy<std_msgs::msg::Int32_<std::allocator<void> >, std::allocator<void> >; std::string = std::__cxx11::basic_string<char>; typename MessageMemoryStrategyT::SharedPtr = std::shared_ptr<rclcpp::message_memory_strategy::MessageMemoryStrategy<std_msgs::msg::Int32_<std::allocator<void> >, std::allocator<void> > >][m[K[m[K’
[01m[K/home/kdh/Desktop/21th_robit_intern_kimdohun/ROS2/Day1/hw2/hw2_package/src/subscriber.cpp:18:76:[m[K   required from here
[01m[K/opt/ros/jazzy/include/rclcpp/rclcpp/any_subscription_callback.hpp:396:23:[m[K [01;31m[Kerror: [m[Kno match for ‘[01m[Koperator=[m[K’ (operand types are ‘[01m[Krclcpp::detail::AnySubscriptionCallbackHelper<std_msgs::msg::Int32_<std::allocator<void> >, std::allocator<void>, false, false>::variant_type[m[K’ {aka ‘[01m[Kstd::variant<std::function<void(const std_msgs::msg::Int32_<std::allocator<void> >&)>, std::function<void(const std_msgs::msg::Int32_<std::allocator<void> >&, const rclcpp::MessageInfo&)>, std::function<void(const rclcpp::SerializedMessage&)>, std::function<void(const rclcpp::SerializedMessage&, const rclcpp::MessageInfo&)>, std::function<void(std::unique_ptr<std_msgs::msg::Int32_<std::allocator<void> >, std::default_delete<std_msgs::msg::Int32_<std::allocator<void> > > >)>, std::function<void(std::unique_ptr<std_msgs::msg::Int32_<std::allocator<void> >, std::default_delete<std_msgs::msg::Int32_<std::allocator<void> > > >, const rclcpp::MessageInfo&)>, std::function<void(std::unique_ptr<rclcpp::SerializedMessage, std::default_delete<rclcpp::SerializedMessage> >)>, std::function<void(std::unique_ptr<rclcpp::SerializedMessage, std::default_delete<rclcpp::SerializedMessage> >, const rclcpp::MessageInfo&)>, std::function<void(std::shared_ptr<const std_msgs::msg::Int32_<std::allocator<void> > >)>, std::function<void(std::shared_ptr<const std_msgs::msg::Int32_<std::allocator<void> > >, const rclcpp::MessageInfo&)>, std::function<void(std::shared_ptr<const rclcpp::SerializedMessage>)>, std::function<void(std::shared_ptr<const rclcpp::SerializedMessage>, const rclcpp::MessageInfo&)>, std::function<void(const std::shared_ptr<const std_msgs::msg::Int32_<std::allocator<void> > >&)>, std::function<void(const std::shared_ptr<const std_msgs::msg::Int32_<std::allocator<void> > >&, const rclcpp::MessageInfo&)>, std::function<void(const std::shared_ptr<const rclcpp::SerializedMessage>&)>, std::function<void(const std::shared_ptr<const rclcpp::SerializedMessage>&, const rclcpp::MessageInfo&)>, std::function<void(std::shared_ptr<std_msgs::msg::Int32_<std::allocator<void> > >)>, std::function<void(std::shared_ptr<std_msgs::msg::Int32_<std::allocator<void> > >, const rclcpp::MessageInfo&)>, std::function<void(std::shared_ptr<rclcpp::SerializedMessage>)>, std::function<void(std::shared_ptr<rclcpp::SerializedMessage>, const rclcpp::MessageInfo&)> >[m[K’} and ‘[01m[Krclcpp::detail::SubscriptionCallbackTypeHelper<std_msgs::msg::Int32_<std::allocator<void> >, std::_Bind<void (MinimalSubscriber::*(MinimalSubscriber*, std::_Placeholder<1>))(const int&) const>, void>::callback_type[m[K’ {aka ‘[01m[Kstd::function<void(const int&)>[m[K’})
  396 |     [01;31m[Kcallback_variant_ = static_cast<typename scbth::callback_type>(callback)[m[K;
      |     [01;31m[K~~~~~~~~~~~~~~~~~~^~~~~~~~~~~~~~~~~~~~~~~~~~~~~~~~~~~~~~~~~~~~~~~~~~~~~~[m[K
In file included from [01m[K/opt/ros/jazzy/include/rclcpp/rclcpp/client.hpp:29[m[K,
                 from [01m[K/opt/ros/jazzy/include/rclcpp/rclcpp/callback_group.hpp:24[m[K:
[01m[K/usr/include/c++/13/variant:1494:9:[m[K [01;36m[Knote: [m[Kcandidate: ‘[01m[Ktemplate<class _Tp> std::enable_if_t<((__exactly_once<std::variant<_Types>::__accepted_type<_Tp&&, typename std::enable_if<__not_self<_Tp&&>, void>::type> > && is_constructible_v<std::variant<_Types>::__accepted_type<_Tp&&, typename std::enable_if<__not_self<_Tp&&>, void>::type>, _Tp>) && is_assignable_v<std::variant<_Types>::__accepted_type<_Tp&&, typename std::enable_if<__not_self<_Tp&&>, void>::type>&, _Tp>), std::variant<_Types>&> std::variant<_Types>::[01;32m[Koperator=[m[K(_Tp&&) [35m[K[with _Types = {std::function<void(const std_msgs::msg::Int32_<std::allocator<void> >&)>, std::function<void(const std_msgs::msg::Int32_<std::allocator<void> >&, const rclcpp::MessageInfo&)>, std::function<void(const rclcpp::SerializedMessage&)>, std::function<void(const rclcpp::SerializedMessage&, const rclcpp::MessageInfo&)>, std::function<void(std::unique_ptr<std_msgs::msg::Int32_<std::allocator<void> >, std::default_delete<std_msgs::msg::Int32_<std::allocator<void> > > >)>, std::function<void(std::unique_ptr<std_msgs::msg::Int32_<std::allocator<void> >, std::default_delete<std_msgs::msg::Int32_<std::allocator<void> > > >, const rclcpp::MessageInfo&)>, std::function<void(std::unique_ptr<rclcpp::SerializedMessage, std::default_delete<rclcpp::SerializedMessage> >)>, std::function<void(std::unique_ptr<rclcpp::SerializedMessage, std::default_delete<rclcpp::SerializedMessage> >, const rclcpp::MessageInfo&)>, std::function<void(std::shared_ptr<const std_msgs::msg::Int32_<std::allocator<void> > >)>, std::function<void(std::shared_ptr<const std_msgs::msg::Int32_<std::allocator<void> > >, const rclcpp::MessageInfo&)>, std::function<void(std::shared_ptr<const rclcpp::SerializedMessage>)>, std::function<void(std::shared_ptr<const rclcpp::SerializedMessage>, const rclcpp::MessageInfo&)>, std::function<void(const std::shared_ptr<const std_msgs::msg::Int32_<std::allocator<void> > >&)>, std::function<void(const std::shared_ptr<const std_msgs::msg::Int32_<std::allocator<void> > >&, const rclcpp::MessageInfo&)>, std::function<void(const std::shared_ptr<const rclcpp::SerializedMessage>&)>, std::function<void(const std::shared_ptr<const rclcpp::SerializedMessage>&, const rclcpp::MessageInfo&)>, std::function<void(std::shared_ptr<std_msgs::msg::Int32_<std::allocator<void> > >)>, std::function<void(std::shared_ptr<std_msgs::msg::Int32_<std::allocator<void> > >, const rclcpp::MessageInfo&)>, std::function<void(std::shared_ptr<rclcpp::SerializedMessage>)>, std::function<void(std::shared_ptr<rclcpp::SerializedMessage>, const rclcpp::MessageInfo&)>}][m[K[m[K’
 1494 |         [01;36m[Koperator[m[K=(_Tp&& __rhs)
      |         [01;36m[K^~~~~~~~[m[K
[01m[K/usr/include/c++/13/variant:1494:9:[m[K [01;36m[Knote: [m[K  template argument deduction/substitution failed:
/usr/include/c++/13/variant: In substitution of ‘[01m[Ktemplate<class ... _Types> template<class _Tp, class> using std::variant<_Types>::__accepted_type = std::variant<_Types>::__to_type<__accepted_index<_Tp> > [35m[K[with _Tp = std::function<void(const int&)>&&; <template-parameter-2-2> = void; _Types = {std::function<void(const std_msgs::msg::Int32_<std::allocator<void> >&)>, std::function<void(const std_msgs::msg::Int32_<std::allocator<void> >&, const rclcpp::MessageInfo&)>, std::function<void(const rclcpp::SerializedMessage&)>, std::function<void(const rclcpp::SerializedMessage&, const rclcpp::MessageInfo&)>, std::function<void(std::unique_ptr<std_msgs::msg::Int32_<std::allocator<void> >, std::default_delete<std_msgs::msg::Int32_<std::allocator<void> > > >)>, std::function<void(std::unique_ptr<std_msgs::msg::Int32_<std::allocator<void> >, std::default_delete<std_msgs::msg::Int32_<std::allocator<void> > > >, const rclcpp::MessageInfo&)>, std::function<void(std::unique_ptr<rclcpp::SerializedMessage, std::default_delete<rclcpp::SerializedMessage> >)>, std::function<void(std::unique_ptr<rclcpp::SerializedMessage, std::default_delete<rclcpp::SerializedMessage> >, const rclcpp::MessageInfo&)>, std::function<void(std::shared_ptr<const std_msgs::msg::Int32_<std::allocator<void> > >)>, std::function<void(std::shared_ptr<const std_msgs::msg::Int32_<std::allocator<void> > >, const rclcpp::MessageInfo&)>, std::function<void(std::shared_ptr<const rclcpp::SerializedMessage>)>, std::function<void(std::shared_ptr<const rclcpp::SerializedMessage>, const rclcpp::MessageInfo&)>, std::function<void(const std::shared_ptr<const std_msgs::msg::Int32_<std::allocator<void> > >&)>, std::function<void(const std::shared_ptr<const std_msgs::msg::Int32_<std::allocator<void> > >&, const rclcpp::MessageInfo&)>, std::function<void(const std::shared_ptr<const rclcpp::SerializedMessage>&)>, std::function<void(const std::shared_ptr<const rclcpp::SerializedMessage>&, const rclcpp::MessageInfo&)>, std::function<void(std::shared_ptr<std_msgs::msg::Int32_<std::allocator<void> > >)>, std::function<void(std::shared_ptr<std_msgs::msg::Int32_<std::allocator<void> > >, const rclcpp::MessageInfo&)>, std::function<void(std::shared_ptr<rclcpp::SerializedMessage>)>, std::function<void(std::shared_ptr<rclcpp::SerializedMessage>, const rclcpp::MessageInfo&)>}][m[K[m[K’:
[01m[K/usr/include/c++/13/variant:1490:14:[m[K   required by substitution of ‘[01m[Ktemplate<class _Tp> std::enable_if_t<((__exactly_once<std::variant<std::function<void(const std_msgs::msg::Int32_<std::allocator<void> >&)>, std::function<void(const std_msgs::msg::Int32_<std::allocator<void> >&, const rclcpp::MessageInfo&)>, std::function<void(const rclcpp::SerializedMessage&)>, std::function<void(const rclcpp::SerializedMessage&, const rclcpp::MessageInfo&)>, std::function<void(std::unique_ptr<std_msgs::msg::Int32_<std::allocator<void> >, std::default_delete<std_msgs::msg::Int32_<std::allocator<void> > > >)>, std::function<void(std::unique_ptr<std_msgs::msg::Int32_<std::allocator<void> >, std::default_delete<std_msgs::msg::Int32_<std::allocator<void> > > >, const rclcpp::MessageInfo&)>, std::function<void(std::unique_ptr<rclcpp::SerializedMessage, std::default_delete<rclcpp::SerializedMessage> >)>, std::function<void(std::unique_ptr<rclcpp::SerializedMessage, std::default_delete<rclcpp::SerializedMessage> >, const rclcpp::MessageInfo&)>, std::function<void(std::shared_ptr<const std_msgs::msg::Int32_<std::allocator<void> > >)>, std::function<void(std::shared_ptr<const std_msgs::msg::Int32_<std::allocator<void> > >, const rclcpp::MessageInfo&)>, std::function<void(std::shared_ptr<const rclcpp::SerializedMessage>)>, std::function<void(std::shared_ptr<const rclcpp::SerializedMessage>, const rclcpp::MessageInfo&)>, std::function<void(const std::shared_ptr<const std_msgs::msg::Int32_<std::allocator<void> > >&)>, std::function<void(const std::shared_ptr<const std_msgs::msg::Int32_<std::allocator<void> > >&, const rclcpp::MessageInfo&)>, std::function<void(const std::shared_ptr<const rclcpp::SerializedMessage>&)>, std::function<void(const std::shared_ptr<const rclcpp::SerializedMessage>&, const rclcpp::MessageInfo&)>, std::function<void(std::shared_ptr<std_msgs::msg::Int32_<std::allocator<void> > >)>, std::function<void(std::shared_ptr<std_msgs::msg::Int32_<std::allocator<void> > >, const rclcpp::MessageInfo&)>, std::function<void(std::shared_ptr<rclcpp::SerializedMessage>)>, std::function<void(std::shared_ptr<rclcpp::SerializedMessage>, const rclcpp::MessageInfo&)> >::__accepted_type<_Tp&&, typename std::enable_if<__not_self<_Tp&&>, void>::type> > && is_constructible_v<std::variant<std::function<void(const std_msgs::msg::Int32_<std::allocator<void> >&)>, std::function<void(const std_msgs::msg::Int32_<std::allocator<void> >&, const rclcpp::MessageInfo&)>, std::function<void(const rclcpp::SerializedMessage&)>, std::function<void(const rclcpp::SerializedMessage&, const rclcpp::MessageInfo&)>, std::function<void(std::unique_ptr<std_msgs::msg::Int32_<std::allocator<void> >, std::default_delete<std_msgs::msg::Int32_<std::allocator<void> > > >)>, std::function<void(std::unique_ptr<std_msgs::msg::Int32_<std::allocator<void> >, std::default_delete<std_msgs::msg::Int32_<std::allocator<void> > > >, const rclcpp::MessageInfo&)>, std::function<void(std::unique_ptr<rclcpp::SerializedMessage, std::default_delete<rclcpp::SerializedMessage> >)>, std::function<void(std::unique_ptr<rclcpp::SerializedMessage, std::default_delete<rclcpp::SerializedMessage> >, const rclcpp::MessageInfo&)>, std::function<void(std::shared_ptr<const std_msgs::msg::Int32_<std::allocator<void> > >)>, std::function<void(std::shared_ptr<const std_msgs::msg::Int32_<std::allocator<void> > >, const rclcpp::MessageInfo&)>, std::function<void(std::shared_ptr<const rclcpp::SerializedMessage>)>, std::function<void(std::shared_ptr<const rclcpp::SerializedMessage>, const rclcpp::MessageInfo&)>, std::function<void(const std::shared_ptr<const std_msgs::msg::Int32_<std::allocator<void> > >&)>, std::function<void(const std::shared_ptr<const std_msgs::msg::Int32_<std::allocator<void> > >&, const rclcpp::MessageInfo&)>, std::function<void(const std::shared_ptr<const rclcpp::SerializedMessage>&)>, std::function<void(const std::shared_ptr<const rclcpp::SerializedMessage>&, const rclcpp::MessageInfo&)>, std::function<void(std::shared_ptr<std_msgs::msg::Int32_<std::allocator<void> > >)>, std::function<void(std::shared_ptr<std_msgs::msg::Int32_<std::allocator<void> > >, const rclcpp::MessageInfo&)>, std::function<void(std::shared_ptr<rclcpp::SerializedMessage>)>, std::function<void(std::shared_ptr<rclcpp::SerializedMessage>, const rclcpp::MessageInfo&)> >::__accepted_type<_Tp&&, typename std::enable_if<__not_self<_Tp&&>, void>::type>, _Tp>) && is_assignable_v<std::variant<std::function<void(const std_msgs::msg::Int32_<std::allocator<void> >&)>, std::function<void(const std_msgs::msg::Int32_<std::allocator<void> >&, const rclcpp::MessageInfo&)>, std::function<void(const rclcpp::SerializedMessage&)>, std::function<void(const rclcpp::SerializedMessage&, const rclcpp::MessageInfo&)>, std::function<void(std::unique_ptr<std_msgs::msg::Int32_<std::allocator<void> >, std::default_delete<std_msgs::msg::Int32_<std::allocator<void> > > >)>, std::function<void(std::unique_ptr<std_msgs::msg::Int32_<std::allocator<void> >, std::default_delete<std_msgs::msg::Int32_<std::allocator<void> > > >, const rclcpp::MessageInfo&)>, std::function<void(std::unique_ptr<rclcpp::SerializedMessage, std::default_delete<rclcpp::SerializedMessage> >)>, std::function<void(std::unique_ptr<rclcpp::SerializedMessage, std::default_delete<rclcpp::SerializedMessage> >, const rclcpp::MessageInfo&)>, std::function<void(std::shared_ptr<const std_msgs::msg::Int32_<std::allocator<void> > >)>, std::function<void(std::shared_ptr<const std_msgs::msg::Int32_<std::allocator<void> > >, const rclcpp::MessageInfo&)>, std::function<void(std::shared_ptr<const rclcpp::SerializedMessage>)>, std::function<void(std::shared_ptr<const rclcpp::SerializedMessage>, const rclcpp::MessageInfo&)>, std::function<void(const std::shared_ptr<const std_msgs::msg::Int32_<std::allocator<void> > >&)>, std::function<void(const std::shared_ptr<const std_msgs::msg::Int32_<std::allocator<void> > >&, const rclcpp::MessageInfo&)>, std::function<void(const std::shared_ptr<const rclcpp::SerializedMessage>&)>, std::function<void(const std::shared_ptr<const rclcpp::SerializedMessage>&, const rclcpp::MessageInfo&)>, std::function<void(std::shared_ptr<std_msgs::msg::Int32_<std::allocator<void> > >)>, std::function<void(std::shared_ptr<std_msgs::msg::Int32_<std::allocator<void> > >, const rclcpp::MessageInfo&)>, std::function<void(std::shared_ptr<rclcpp::SerializedMessage>)>, std::function<void(std::shared_ptr<rclcpp::SerializedMessage>, const rclcpp::MessageInfo&)> >::__accepted_type<_Tp&&, typename std::enable_if<__not_self<_Tp&&>, void>::type>&, _Tp>), std::variant<std::function<void(const std_msgs::msg::Int32_<std::allocator<void> >&)>, std::function<void(const std_msgs::msg::Int32_<std::allocator<void> >&, const rclcpp::MessageInfo&)>, std::function<void(const rclcpp::SerializedMessage&)>, std::function<void(const rclcpp::SerializedMessage&, const rclcpp::MessageInfo&)>, std::function<void(std::unique_ptr<std_msgs::msg::Int32_<std::allocator<void> >, std::default_delete<std_msgs::msg::Int32_<std::allocator<void> > > >)>, std::function<void(std::unique_ptr<std_msgs::msg::Int32_<std::allocator<void> >, std::default_delete<std_msgs::msg::Int32_<std::allocator<void> > > >, const rclcpp::MessageInfo&)>, std::function<void(std::unique_ptr<rclcpp::SerializedMessage, std::default_delete<rclcpp::SerializedMessage> >)>, std::function<void(std::unique_ptr<rclcpp::SerializedMessage, std::default_delete<rclcpp::SerializedMessage> >, const rclcpp::MessageInfo&)>, std::function<void(std::shared_ptr<const std_msgs::msg::Int32_<std::allocator<void> > >)>, std::function<void(std::shared_ptr<const std_msgs::msg::Int32_<std::allocator<void> > >, const rclcpp::MessageInfo&)>, std::function<void(std::shared_ptr<const rclcpp::SerializedMessage>)>, std::function<void(std::shared_ptr<const rclcpp::SerializedMessage>, const rclcpp::MessageInfo&)>, std::function<void(const std::shared_ptr<const std_msgs::msg::Int32_<std::allocator<void> > >&)>, std::function<void(const std::shared_ptr<const std_msgs::msg::Int32_<std::allocator<void> > >&, const rclcpp::MessageInfo&)>, std::function<void(const std::shared_ptr<const rclcpp::SerializedMessage>&)>, std::function<void(const std::shared_ptr<const rclcpp::SerializedMessage>&, const rclcpp::MessageInfo&)>, std::function<void(std::shared_ptr<std_msgs::msg::Int32_<std::allocator<void> > >)>, std::function<void(std::shared_ptr<std_msgs::msg::Int32_<std::allocator<void> > >, const rclcpp::MessageInfo&)>, std::function<void(std::shared_ptr<rclcpp::SerializedMessage>)>, std::function<void(std::shared_ptr<rclcpp::SerializedMessage>, const rclcpp::MessageInfo&)> >&> std::variant<std::function<void(const std_msgs::msg::Int32_<std::allocator<void> >&)>, std::function<void(const std_msgs::msg::Int32_<std::allocator<void> >&, const rclcpp::MessageInfo&)>, std::function<void(const rclcpp::SerializedMessage&)>, std::function<void(const rclcpp::SerializedMessage&, const rclcpp::MessageInfo&)>, std::function<void(std::unique_ptr<std_msgs::msg::Int32_<std::allocator<void> >, std::default_delete<std_msgs::msg::Int32_<std::allocator<void> > > >)>, std::function<void(std::unique_ptr<std_msgs::msg::Int32_<std::allocator<void> >, std::default_delete<std_msgs::msg::Int32_<std::allocator<void> > > >, const rclcpp::MessageInfo&)>, std::function<void(std::unique_ptr<rclcpp::SerializedMessage, std::default_delete<rclcpp::SerializedMessage> >)>, std::function<void(std::unique_ptr<rclcpp::SerializedMessage, std::default_delete<rclcpp::SerializedMessage> >, const rclcpp::MessageInfo&)>, std::function<void(std::shared_ptr<const std_msgs::msg::Int32_<std::allocator<void> > >)>, std::function<void(std::shared_ptr<const std_msgs::msg::Int32_<std::allocator<void> > >, const rclcpp::MessageInfo&)>, std::function<void(std::shared_ptr<const rclcpp::SerializedMessage>)>, std::function<void(std::shared_ptr<const rclcpp::SerializedMessage>, const rclcpp::MessageInfo&)>, std::function<void(const std::shared_ptr<const std_msgs::msg::Int32_<std::allocator<void> > >&)>, std::function<void(const std::shared_ptr<const std_msgs::msg::Int32_<std::allocator<void> > >&, const rclcpp::MessageInfo&)>, std::function<void(const std::shared_ptr<const rclcpp::SerializedMessage>&)>, std::function<void(const std::shared_ptr<const rclcpp::SerializedMessage>&, const rclcpp::MessageInfo&)>, std::function<void(std::shared_ptr<std_msgs::msg::Int32_<std::allocator<void> > >)>, std::function<void(std::shared_ptr<std_msgs::msg::Int32_<std::allocator<void> > >, const rclcpp::MessageInfo&)>, std::function<void(std::shared_ptr<rclcpp::SerializedMessage>)>, std::function<void(std::shared_ptr<rclcpp::SerializedMessage>, const rclcpp::MessageInfo&)> >::[01;32m[Koperator=[m[K(_Tp&&) [35m[K[with _Tp = std::function<void(const int&)>][m[K[m[K’
[01m[K/opt/ros/jazzy/include/rclcpp/rclcpp/any_subscription_callback.hpp:396:23:[m[K   required from ‘[01m[Krclcpp::AnySubscriptionCallback<MessageT, AllocatorT> rclcpp::AnySubscriptionCallback<MessageT, AllocatorT>::[01;32m[Kset[m[K(CallbackT) [35m[K[with CallbackT = std::_Bind<void (MinimalSubscriber::*(MinimalSubscriber*, std::_Placeholder<1>))(const int&) const>; MessageT = std_msgs::msg::Int32_<std::allocator<void> >; AllocatorT = std::allocator<void>][m[K[m[K’
[01m[K/opt/ros/jazzy/include/rclcpp/rclcpp/subscription_factory.hpp:93:32:[m[K   required from ‘[01m[Krclcpp::SubscriptionFactory rclcpp::[01;32m[Kcreate_subscription_factory[m[K(CallbackT&&, const SubscriptionOptionsWithAllocator<AllocatorT>&, typename MessageMemoryStrategyT::SharedPtr, std::shared_ptr<topic_statistics::SubscriptionTopicStatistics>) [35m[K[with MessageT = std_msgs::msg::Int32_<std::allocator<void> >; CallbackT = std::_Bind<void (MinimalSubscriber::*(MinimalSubscriber*, std::_Placeholder<1>))(const int&) const>; AllocatorT = std::allocator<void>; SubscriptionT = Subscription<std_msgs::msg::Int32_<std::allocator<void> >, std::allocator<void>, std_msgs::msg::Int32_<std::allocator<void> >, std_msgs::msg::Int32_<std::allocator<void> >, message_memory_strategy::MessageMemoryStrategy<std_msgs::msg::Int32_<std::allocator<void> >, std::allocator<void> > >; MessageMemoryStrategyT = message_memory_strategy::MessageMemoryStrategy<std_msgs::msg::Int32_<std::allocator<void> >, std::allocator<void> >; typename MessageMemoryStrategyT::SharedPtr = std::shared_ptr<message_memory_strategy::MessageMemoryStrategy<std_msgs::msg::Int32_<std::allocator<void> >, std::allocator<void> > >][m[K[m[K’
[01m[K/opt/ros/jazzy/include/rclcpp/rclcpp/create_subscription.hpp:121:63:[m[K   required from ‘[01m[Kstd::shared_ptr<ROSMessageT> rclcpp::detail::[01;32m[Kcreate_subscription[m[K(NodeParametersT&, NodeTopicsT&, const std::string&, const rclcpp::QoS&, CallbackT&&, const rclcpp::SubscriptionOptionsWithAllocator<AllocatorT>&, typename MessageMemoryStrategyT::SharedPtr) [35m[K[with MessageT = std_msgs::msg::Int32_<std::allocator<void> >; CallbackT = std::_Bind<void (MinimalSubscriber::*(MinimalSubscriber*, std::_Placeholder<1>))(const int&) const>; AllocatorT = std::allocator<void>; SubscriptionT = rclcpp::Subscription<std_msgs::msg::Int32_<std::allocator<void> >, std::allocator<void>, std_msgs::msg::Int32_<std::allocator<void> >, std_msgs::msg::Int32_<std::allocator<void> >, rclcpp::message_memory_strategy::MessageMemoryStrategy<std_msgs::msg::Int32_<std::allocator<void> >, std::allocator<void> > >; MessageMemoryStrategyT = rclcpp::message_memory_strategy::MessageMemoryStrategy<std_msgs::msg::Int32_<std::allocator<void> >, std::allocator<void> >; NodeParametersT = rclcpp::Node; NodeTopicsT = rclcpp::Node; std::string = std::__cxx11::basic_string<char>; typename MessageMemoryStrategyT::SharedPtr = std::shared_ptr<rclcpp::message_memory_strategy::MessageMemoryStrategy<std_msgs::msg::Int32_<std::allocator<void> >, std::allocator<void> > >][m[K[m[K’
[01m[K/opt/ros/jazzy/include/rclcpp/rclcpp/create_subscription.hpp:190:76:[m[K   required from ‘[01m[Kstd::shared_ptr<ROSMessageT> rclcpp::[01;32m[Kcreate_subscription[m[K(NodeT&, const std::string&, const QoS&, CallbackT&&, const SubscriptionOptionsWithAllocator<AllocatorT>&, typename MessageMemoryStrategyT::SharedPtr) [35m[K[with MessageT = std_msgs::msg::Int32_<std::allocator<void> >; CallbackT = std::_Bind<void (MinimalSubscriber::*(MinimalSubscriber*, std::_Placeholder<1>))(const int&) const>; AllocatorT = std::allocator<void>; SubscriptionT = Subscription<std_msgs::msg::Int32_<std::allocator<void> >, std::allocator<void>, std_msgs::msg::Int32_<std::allocator<void> >, std_msgs::msg::Int32_<std::allocator<void> >, message_memory_strategy::MessageMemoryStrategy<std_msgs::msg::Int32_<std::allocator<void> >, std::allocator<void> > >; MessageMemoryStrategyT = message_memory_strategy::MessageMemoryStrategy<std_msgs::msg::Int32_<std::allocator<void> >, std::allocator<void> >; NodeT = Node; std::string = std::__cxx11::basic_string<char>; typename MessageMemoryStrategyT::SharedPtr = std::shared_ptr<message_memory_strategy::MessageMemoryStrategy<std_msgs::msg::Int32_<std::allocator<void> >, std::allocator<void> > >][m[K[m[K’
[01m[K/opt/ros/jazzy/include/rclcpp/rclcpp/node_impl.hpp:99:47:[m[K   required from ‘[01m[Kstd::shared_ptr<ROSMessageT> rclcpp::Node::[01;32m[Kcreate_subscription[m[K(const std::string&, const rclcpp::QoS&, CallbackT&&, const rclcpp::SubscriptionOptionsWithAllocator<AllocatorT>&, typename MessageMemoryStrategyT::SharedPtr) [35m[K[with MessageT = std_msgs::msg::Int32_<std::allocator<void> >; CallbackT = std::_Bind<void (MinimalSubscriber::*(MinimalSubscriber*, std::_Placeholder<1>))(const int&) const>; AllocatorT = std::allocator<void>; SubscriptionT = rclcpp::Subscription<std_msgs::msg::Int32_<std::allocator<void> >, std::allocator<void>, std_msgs::msg::Int32_<std::allocator<void> >, std_msgs::msg::Int32_<std::allocator<void> >, rclcpp::message_memory_strategy::MessageMemoryStrategy<std_msgs::msg::Int32_<std::allocator<void> >, std::allocator<void> > >; MessageMemoryStrategyT = rclcpp::message_memory_strategy::MessageMemoryStrategy<std_msgs::msg::Int32_<std::allocator<void> >, std::allocator<void> >; std::string = std::__cxx11::basic_string<char>; typename MessageMemoryStrategyT::SharedPtr = std::shared_ptr<rclcpp::message_memory_strategy::MessageMemoryStrategy<std_msgs::msg::Int32_<std::allocator<void> >, std::allocator<void> > >][m[K[m[K’
[01m[K/home/kdh/Desktop/21th_robit_intern_kimdohun/ROS2/Day1/hw2/hw2_package/src/subscriber.cpp:18:76:[m[K   required from here
[01m[K/usr/include/c++/13/variant:1407:15:[m[K [01;31m[Kerror: [m[Kno type named ‘[01m[Ktype[m[K’ in ‘[01m[Kstruct std::enable_if<false, void>[m[K’
 1407 |         using [01;31m[K__accepted_type[m[K = __to_type<__accepted_index<_Tp>>;
      |               [01;31m[K^~~~~~~~~~~~~~~[m[K
/opt/ros/jazzy/include/rclcpp/rclcpp/any_subscription_callback.hpp: In instantiation of ‘[01m[Krclcpp::AnySubscriptionCallback<MessageT, AllocatorT> rclcpp::AnySubscriptionCallback<MessageT, AllocatorT>::[01;32m[Kset[m[K(CallbackT) [35m[K[with CallbackT = std::_Bind<void (MinimalSubscriber::*(MinimalSubscriber*, std::_Placeholder<1>))(const int&) const>; MessageT = std_msgs::msg::Int32_<std::allocator<void> >; AllocatorT = std::allocator<void>][m[K[m[K’:
[01m[K/opt/ros/jazzy/include/rclcpp/rclcpp/subscription_factory.hpp:93:32:[m[K   required from ‘[01m[Krclcpp::SubscriptionFactory rclcpp::[01;32m[Kcreate_subscription_factory[m[K(CallbackT&&, const SubscriptionOptionsWithAllocator<AllocatorT>&, typename MessageMemoryStrategyT::SharedPtr, std::shared_ptr<topic_statistics::SubscriptionTopicStatistics>) [35m[K[with MessageT = std_msgs::msg::Int32_<std::allocator<void> >; CallbackT = std::_Bind<void (MinimalSubscriber::*(MinimalSubscriber*, std::_Placeholder<1>))(const int&) const>; AllocatorT = std::allocator<void>; SubscriptionT = Subscription<std_msgs::msg::Int32_<std::allocator<void> >, std::allocator<void>, std_msgs::msg::Int32_<std::allocator<void> >, std_msgs::msg::Int32_<std::allocator<void> >, message_memory_strategy::MessageMemoryStrategy<std_msgs::msg::Int32_<std::allocator<void> >, std::allocator<void> > >; MessageMemoryStrategyT = message_memory_strategy::MessageMemoryStrategy<std_msgs::msg::Int32_<std::allocator<void> >, std::allocator<void> >; typename MessageMemoryStrategyT::SharedPtr = std::shared_ptr<message_memory_strategy::MessageMemoryStrategy<std_msgs::msg::Int32_<std::allocator<void> >, std::allocator<void> > >][m[K[m[K’
[01m[K/opt/ros/jazzy/include/rclcpp/rclcpp/create_subscription.hpp:121:63:[m[K   required from ‘[01m[Kstd::shared_ptr<ROSMessageT> rclcpp::detail::[01;32m[Kcreate_subscription[m[K(NodeParametersT&, NodeTopicsT&, const std::string&, const rclcpp::QoS&, CallbackT&&, const rclcpp::SubscriptionOptionsWithAllocator<AllocatorT>&, typename MessageMemoryStrategyT::SharedPtr) [35m[K[with MessageT = std_msgs::msg::Int32_<std::allocator<void> >; CallbackT = std::_Bind<void (MinimalSubscriber::*(MinimalSubscriber*, std::_Placeholder<1>))(const int&) const>; AllocatorT = std::allocator<void>; SubscriptionT = rclcpp::Subscription<std_msgs::msg::Int32_<std::allocator<void> >, std::allocator<void>, std_msgs::msg::Int32_<std::allocator<void> >, std_msgs::msg::Int32_<std::allocator<void> >, rclcpp::message_memory_strategy::MessageMemoryStrategy<std_msgs::msg::Int32_<std::allocator<void> >, std::allocator<void> > >; MessageMemoryStrategyT = rclcpp::message_memory_strategy::MessageMemoryStrategy<std_msgs::msg::Int32_<std::allocator<void> >, std::allocator<void> >; NodeParametersT = rclcpp::Node; NodeTopicsT = rclcpp::Node; std::string = std::__cxx11::basic_string<char>; typename MessageMemoryStrategyT::SharedPtr = std::shared_ptr<rclcpp::message_memory_strategy::MessageMemoryStrategy<std_msgs::msg::Int32_<std::allocator<void> >, std::allocator<void> > >][m[K[m[K’
[01m[K/opt/ros/jazzy/include/rclcpp/rclcpp/create_subscription.hpp:190:76:[m[K   required from ‘[01m[Kstd::shared_ptr<ROSMessageT> rclcpp::[01;32m[Kcreate_subscription[m[K(NodeT&, const std::string&, const QoS&, CallbackT&&, const SubscriptionOptionsWithAllocator<AllocatorT>&, typename MessageMemoryStrategyT::SharedPtr) [35m[K[with MessageT = std_msgs::msg::Int32_<std::allocator<void> >; CallbackT = std::_Bind<void (MinimalSubscriber::*(MinimalSubscriber*, std::_Placeholder<1>))(const int&) const>; AllocatorT = std::allocator<void>; SubscriptionT = Subscription<std_msgs::msg::Int32_<std::allocator<void> >, std::allocator<void>, std_msgs::msg::Int32_<std::allocator<void> >, std_msgs::msg::Int32_<std::allocator<void> >, message_memory_strategy::MessageMemoryStrategy<std_msgs::msg::Int32_<std::allocator<void> >, std::allocator<void> > >; MessageMemoryStrategyT = message_memory_strategy::MessageMemoryStrategy<std_msgs::msg::Int32_<std::allocator<void> >, std::allocator<void> >; NodeT = Node; std::string = std::__cxx11::basic_string<char>; typename MessageMemoryStrategyT::SharedPtr = std::shared_ptr<message_memory_strategy::MessageMemoryStrategy<std_msgs::msg::Int32_<std::allocator<void> >, std::allocator<void> > >][m[K[m[K’
[01m[K/opt/ros/jazzy/include/rclcpp/rclcpp/node_impl.hpp:99:47:[m[K   required from ‘[01m[Kstd::shared_ptr<ROSMessageT> rclcpp::Node::[01;32m[Kcreate_subscription[m[K(const std::string&, const rclcpp::QoS&, CallbackT&&, const rclcpp::SubscriptionOptionsWithAllocator<AllocatorT>&, typename MessageMemoryStrategyT::SharedPtr) [35m[K[with MessageT = std_msgs::msg::Int32_<std::allocator<void> >; CallbackT = std::_Bind<void (MinimalSubscriber::*(MinimalSubscriber*, std::_Placeholder<1>))(const int&) const>; AllocatorT = std::allocator<void>; SubscriptionT = rclcpp::Subscription<std_msgs::msg::Int32_<std::allocator<void> >, std::allocator<void>, std_msgs::msg::Int32_<std::allocator<void> >, std_msgs::msg::Int32_<std::allocator<void> >, rclcpp::message_memory_strategy::MessageMemoryStrategy<std_msgs::msg::Int32_<std::allocator<void> >, std::allocator<void> > >; MessageMemoryStrategyT = rclcpp::message_memory_strategy::MessageMemoryStrategy<std_msgs::msg::Int32_<std::allocator<void> >, std::allocator<void> >; std::string = std::__cxx11::basic_string<char>; typename MessageMemoryStrategyT::SharedPtr = std::shared_ptr<rclcpp::message_memory_strategy::MessageMemoryStrategy<std_msgs::msg::Int32_<std::allocator<void> >, std::allocator<void> > >][m[K[m[K’
[01m[K/home/kdh/Desktop/21th_robit_intern_kimdohun/ROS2/Day1/hw2/hw2_package/src/subscriber.cpp:18:76:[m[K   required from here
[01m[K/usr/include/c++/13/variant:1430:16:[m[K [01;36m[Knote: [m[Kcandidate: ‘[01m[Kstd::variant<_Types>& std::variant<_Types>::[01;32m[Koperator=[m[K(const std::variant<_Types>&) [35m[K[with _Types = {std::function<void(const std_msgs::msg::Int32_<std::allocator<void> >&)>, std::function<void(const std_msgs::msg::Int32_<std::allocator<void> >&, const rclcpp::MessageInfo&)>, std::function<void(const rclcpp::SerializedMessage&)>, std::function<void(const rclcpp::SerializedMessage&, const rclcpp::MessageInfo&)>, std::function<void(std::unique_ptr<std_msgs::msg::Int32_<std::allocator<void> >, std::default_delete<std_msgs::msg::Int32_<std::allocator<void> > > >)>, std::function<void(std::unique_ptr<std_msgs::msg::Int32_<std::allocator<void> >, std::default_delete<std_msgs::msg::Int32_<std::allocator<void> > > >, const rclcpp::MessageInfo&)>, std::function<void(std::unique_ptr<rclcpp::SerializedMessage, std::default_delete<rclcpp::SerializedMessage> >)>, std::function<void(std::unique_ptr<rclcpp::SerializedMessage, std::default_delete<rclcpp::SerializedMessage> >, const rclcpp::MessageInfo&)>, std::function<void(std::shared_ptr<const std_msgs::msg::Int32_<std::allocator<void> > >)>, std::function<void(std::shared_ptr<const std_msgs::msg::Int32_<std::allocator<void> > >, const rclcpp::MessageInfo&)>, std::function<void(std::shared_ptr<const rclcpp::SerializedMessage>)>, std::function<void(std::shared_ptr<const rclcpp::SerializedMessage>, const rclcpp::MessageInfo&)>, std::function<void(const std::shared_ptr<const std_msgs::msg::Int32_<std::allocator<void> > >&)>, std::function<void(const std::shared_ptr<const std_msgs::msg::Int32_<std::allocator<void> > >&, const rclcpp::MessageInfo&)>, std::function<void(const std::shared_ptr<const rclcpp::SerializedMessage>&)>, std::function<void(const std::shared_ptr<const rclcpp::SerializedMessage>&, const rclcpp::MessageInfo&)>, std::function<void(std::shared_ptr<std_msgs::msg::Int32_<std::allocator<void> > >)>, std::function<void(std::shared_ptr<std_msgs::msg::Int32_<std::allocator<void> > >, const rclcpp::MessageInfo&)>, std::function<void(std::shared_ptr<rclcpp::SerializedMessage>)>, std::function<void(std::shared_ptr<rclcpp::SerializedMessage>, const rclcpp::MessageInfo&)>}][m[K[m[K’
 1430 |       variant& [01;36m[Koperator[m[K=(const variant&) = default;
      |                [01;36m[K^~~~~~~~[m[K
[01m[K/usr/include/c++/13/variant:1430:26:[m[K [01;36m[Knote: [m[K  no known conversion for argument 1 from ‘[01m[Krclcpp::detail::SubscriptionCallbackTypeHelper<std_msgs::msg::Int32_<std::allocator<void> >, std::_Bind<void (MinimalSubscriber::*(MinimalSubscriber*, std::_Placeholder<1>))(const int&) const>, void>::callback_type[m[K’ {aka ‘[01m[Kstd::function<void(const int&)>[m[K’} to ‘[01m[Kconst std::variant<std::function<void(const std_msgs::msg::Int32_<std::allocator<void> >&)>, std::function<void(const std_msgs::msg::Int32_<std::allocator<void> >&, const rclcpp::MessageInfo&)>, std::function<void(const rclcpp::SerializedMessage&)>, std::function<void(const rclcpp::SerializedMessage&, const rclcpp::MessageInfo&)>, std::function<void(std::unique_ptr<std_msgs::msg::Int32_<std::allocator<void> >, std::default_delete<std_msgs::msg::Int32_<std::allocator<void> > > >)>, std::function<void(std::unique_ptr<std_msgs::msg::Int32_<std::allocator<void> >, std::default_delete<std_msgs::msg::Int32_<std::allocator<void> > > >, const rclcpp::MessageInfo&)>, std::function<void(std::unique_ptr<rclcpp::SerializedMessage, std::default_delete<rclcpp::SerializedMessage> >)>, std::function<void(std::unique_ptr<rclcpp::SerializedMessage, std::default_delete<rclcpp::SerializedMessage> >, const rclcpp::MessageInfo&)>, std::function<void(std::shared_ptr<const std_msgs::msg::Int32_<std::allocator<void> > >)>, std::function<void(std::shared_ptr<const std_msgs::msg::Int32_<std::allocator<void> > >, const rclcpp::MessageInfo&)>, std::function<void(std::shared_ptr<const rclcpp::SerializedMessage>)>, std::function<void(std::shared_ptr<const rclcpp::SerializedMessage>, const rclcpp::MessageInfo&)>, std::function<void(const std::shared_ptr<const std_msgs::msg::Int32_<std::allocator<void> > >&)>, std::function<void(const std::shared_ptr<const std_msgs::msg::Int32_<std::allocator<void> > >&, const rclcpp::MessageInfo&)>, std::function<void(const std::shared_ptr<const rclcpp::SerializedMessage>&)>, std::function<void(const std::shared_ptr<const rclcpp::SerializedMessage>&, const rclcpp::MessageInfo&)>, std::function<void(std::shared_ptr<std_msgs::msg::Int32_<std::allocator<void> > >)>, std::function<void(std::shared_ptr<std_msgs::msg::Int32_<std::allocator<void> > >, const rclcpp::MessageInfo&)>, std::function<void(std::shared_ptr<rclcpp::SerializedMessage>)>, std::function<void(std::shared_ptr<rclcpp::SerializedMessage>, const rclcpp::MessageInfo&)> >&[m[K’
 1430 |       variant& operator=([01;36m[Kconst variant&[m[K) = default;
      |                          [01;36m[K^~~~~~~~~~~~~~[m[K
[01m[K/usr/include/c++/13/variant:1431:16:[m[K [01;36m[Knote: [m[Kcandidate: ‘[01m[Kstd::variant<_Types>& std::variant<_Types>::[01;32m[Koperator=[m[K(std::variant<_Types>&&) [35m[K[with _Types = {std::function<void(const std_msgs::msg::Int32_<std::allocator<void> >&)>, std::function<void(const std_msgs::msg::Int32_<std::allocator<void> >&, const rclcpp::MessageInfo&)>, std::function<void(const rclcpp::SerializedMessage&)>, std::function<void(const rclcpp::SerializedMessage&, const rclcpp::MessageInfo&)>, std::function<void(std::unique_ptr<std_msgs::msg::Int32_<std::allocator<void> >, std::default_delete<std_msgs::msg::Int32_<std::allocator<void> > > >)>, std::function<void(std::unique_ptr<std_msgs::msg::Int32_<std::allocator<void> >, std::default_delete<std_msgs::msg::Int32_<std::allocator<void> > > >, const rclcpp::MessageInfo&)>, std::function<void(std::unique_ptr<rclcpp::SerializedMessage, std::default_delete<rclcpp::SerializedMessage> >)>, std::function<void(std::unique_ptr<rclcpp::SerializedMessage, std::default_delete<rclcpp::SerializedMessage> >, const rclcpp::MessageInfo&)>, std::function<void(std::shared_ptr<const std_msgs::msg::Int32_<std::allocator<void> > >)>, std::function<void(std::shared_ptr<const std_msgs::msg::Int32_<std::allocator<void> > >, const rclcpp::MessageInfo&)>, std::function<void(std::shared_ptr<const rclcpp::SerializedMessage>)>, std::function<void(std::shared_ptr<const rclcpp::SerializedMessage>, const rclcpp::MessageInfo&)>, std::function<void(const std::shared_ptr<const std_msgs::msg::Int32_<std::allocator<void> > >&)>, std::function<void(const std::shared_ptr<const std_msgs::msg::Int32_<std::allocator<void> > >&, const rclcpp::MessageInfo&)>, std::function<void(const std::shared_ptr<const rclcpp::SerializedMessage>&)>, std::function<void(const std::shared_ptr<const rclcpp::SerializedMessage>&, const rclcpp::MessageInfo&)>, std::function<void(std::shared_ptr<std_msgs::msg::Int32_<std::allocator<void> > >)>, std::function<void(std::shared_ptr<std_msgs::msg::Int32_<std::allocator<void> > >, const rclcpp::MessageInfo&)>, std::function<void(std::shared_ptr<rclcpp::SerializedMessage>)>, std::function<void(std::shared_ptr<rclcpp::SerializedMessage>, const rclcpp::MessageInfo&)>}][m[K[m[K’
 1431 |       variant& [01;36m[Koperator[m[K=(variant&&) = default;
      |                [01;36m[K^~~~~~~~[m[K
[01m[K/usr/include/c++/13/variant:1431:26:[m[K [01;36m[Knote: [m[K  no known conversion for argument 1 from ‘[01m[Krclcpp::detail::SubscriptionCallbackTypeHelper<std_msgs::msg::Int32_<std::allocator<void> >, std::_Bind<void (MinimalSubscriber::*(MinimalSubscriber*, std::_Placeholder<1>))(const int&) const>, void>::callback_type[m[K’ {aka ‘[01m[Kstd::function<void(const int&)>[m[K’} to ‘[01m[Kstd::variant<std::function<void(const std_msgs::msg::Int32_<std::allocator<void> >&)>, std::function<void(const std_msgs::msg::Int32_<std::allocator<void> >&, const rclcpp::MessageInfo&)>, std::function<void(const rclcpp::SerializedMessage&)>, std::function<void(const rclcpp::SerializedMessage&, const rclcpp::MessageInfo&)>, std::function<void(std::unique_ptr<std_msgs::msg::Int32_<std::allocator<void> >, std::default_delete<std_msgs::msg::Int32_<std::allocator<void> > > >)>, std::function<void(std::unique_ptr<std_msgs::msg::Int32_<std::allocator<void> >, std::default_delete<std_msgs::msg::Int32_<std::allocator<void> > > >, const rclcpp::MessageInfo&)>, std::function<void(std::unique_ptr<rclcpp::SerializedMessage, std::default_delete<rclcpp::SerializedMessage> >)>, std::function<void(std::unique_ptr<rclcpp::SerializedMessage, std::default_delete<rclcpp::SerializedMessage> >, const rclcpp::MessageInfo&)>, std::function<void(std::shared_ptr<const std_msgs::msg::Int32_<std::allocator<void> > >)>, std::function<void(std::shared_ptr<const std_msgs::msg::Int32_<std::allocator<void> > >, const rclcpp::MessageInfo&)>, std::function<void(std::shared_ptr<const rclcpp::SerializedMessage>)>, std::function<void(std::shared_ptr<const rclcpp::SerializedMessage>, const rclcpp::MessageInfo&)>, std::function<void(const std::shared_ptr<const std_msgs::msg::Int32_<std::allocator<void> > >&)>, std::function<void(const std::shared_ptr<const std_msgs::msg::Int32_<std::allocator<void> > >&, const rclcpp::MessageInfo&)>, std::function<void(const std::shared_ptr<const rclcpp::SerializedMessage>&)>, std::function<void(const std::shared_ptr<const rclcpp::SerializedMessage>&, const rclcpp::MessageInfo&)>, std::function<void(std::shared_ptr<std_msgs::msg::Int32_<std::allocator<void> > >)>, std::function<void(std::shared_ptr<std_msgs::msg::Int32_<std::allocator<void> > >, const rclcpp::MessageInfo&)>, std::function<void(std::shared_ptr<rclcpp::SerializedMessage>)>, std::function<void(std::shared_ptr<rclcpp::SerializedMessage>, const rclcpp::MessageInfo&)> >&&[m[K’
 1431 |       variant& operator=([01;36m[Kvariant&&[m[K) = default;
      |                          [01;36m[K^~~~~~~~~[m[K
/opt/ros/jazzy/include/rclcpp/rclcpp/any_subscription_callback.hpp: In instantiation of ‘[01m[Krclcpp::AnySubscriptionCallback<MessageT, AllocatorT> rclcpp::AnySubscriptionCallback<MessageT, AllocatorT>::[01;32m[Kset[m[K(CallbackT) [35m[K[with CallbackT = std::_Bind<void (MinimalSubscriber::*(MinimalSubscriber*, std::_Placeholder<1>))(const int&) const>; MessageT = std_msgs::msg::Float32_<std::allocator<void> >; AllocatorT = std::allocator<void>][m[K[m[K’:
[01m[K/opt/ros/jazzy/include/rclcpp/rclcpp/subscription_factory.hpp:93:32:[m[K   required from ‘[01m[Krclcpp::SubscriptionFactory rclcpp::[01;32m[Kcreate_subscription_factory[m[K(CallbackT&&, const SubscriptionOptionsWithAllocator<AllocatorT>&, typename MessageMemoryStrategyT::SharedPtr, std::shared_ptr<topic_statistics::SubscriptionTopicStatistics>) [35m[K[with MessageT = std_msgs::msg::Float32_<std::allocator<void> >; CallbackT = std::_Bind<void (MinimalSubscriber::*(MinimalSubscriber*, std::_Placeholder<1>))(const int&) const>; AllocatorT = std::allocator<void>; SubscriptionT = Subscription<std_msgs::msg::Float32_<std::allocator<void> >, std::allocator<void>, std_msgs::msg::Float32_<std::allocator<void> >, std_msgs::msg::Float32_<std::allocator<void> >, message_memory_strategy::MessageMemoryStrategy<std_msgs::msg::Float32_<std::allocator<void> >, std::allocator<void> > >; MessageMemoryStrategyT = message_memory_strategy::MessageMemoryStrategy<std_msgs::msg::Float32_<std::allocator<void> >, std::allocator<void> >; typename MessageMemoryStrategyT::SharedPtr = std::shared_ptr<message_memory_strategy::MessageMemoryStrategy<std_msgs::msg::Float32_<std::allocator<void> >, std::allocator<void> > >][m[K[m[K’
[01m[K/opt/ros/jazzy/include/rclcpp/rclcpp/create_subscription.hpp:121:63:[m[K   required from ‘[01m[Kstd::shared_ptr<ROSMessageT> rclcpp::detail::[01;32m[Kcreate_subscription[m[K(NodeParametersT&, NodeTopicsT&, const std::string&, const rclcpp::QoS&, CallbackT&&, const rclcpp::SubscriptionOptionsWithAllocator<AllocatorT>&, typename MessageMemoryStrategyT::SharedPtr) [35m[K[with MessageT = std_msgs::msg::Float32_<std::allocator<void> >; CallbackT = std::_Bind<void (MinimalSubscriber::*(MinimalSubscriber*, std::_Placeholder<1>))(const int&) const>; AllocatorT = std::allocator<void>; SubscriptionT = rclcpp::Subscription<std_msgs::msg::Float32_<std::allocator<void> >, std::allocator<void>, std_msgs::msg::Float32_<std::allocator<void> >, std_msgs::msg::Float32_<std::allocator<void> >, rclcpp::message_memory_strategy::MessageMemoryStrategy<std_msgs::msg::Float32_<std::allocator<void> >, std::allocator<void> > >; MessageMemoryStrategyT = rclcpp::message_memory_strategy::MessageMemoryStrategy<std_msgs::msg::Float32_<std::allocator<void> >, std::allocator<void> >; NodeParametersT = rclcpp::Node; NodeTopicsT = rclcpp::Node; std::string = std::__cxx11::basic_string<char>; typename MessageMemoryStrategyT::SharedPtr = std::shared_ptr<rclcpp::message_memory_strategy::MessageMemoryStrategy<std_msgs::msg::Float32_<std::allocator<void> >, std::allocator<void> > >][m[K[m[K’
[01m[K/opt/ros/jazzy/include/rclcpp/rclcpp/create_subscription.hpp:190:76:[m[K   required from ‘[01m[Kstd::shared_ptr<ROSMessageT> rclcpp::[01;32m[Kcreate_subscription[m[K(NodeT&, const std::string&, const QoS&, CallbackT&&, const SubscriptionOptionsWithAllocator<AllocatorT>&, typename MessageMemoryStrategyT::SharedPtr) [35m[K[with MessageT = std_msgs::msg::Float32_<std::allocator<void> >; CallbackT = std::_Bind<void (MinimalSubscriber::*(MinimalSubscriber*, std::_Placeholder<1>))(const int&) const>; AllocatorT = std::allocator<void>; SubscriptionT = Subscription<std_msgs::msg::Float32_<std::allocator<void> >, std::allocator<void>, std_msgs::msg::Float32_<std::allocator<void> >, std_msgs::msg::Float32_<std::allocator<void> >, message_memory_strategy::MessageMemoryStrategy<std_msgs::msg::Float32_<std::allocator<void> >, std::allocator<void> > >; MessageMemoryStrategyT = message_memory_strategy::MessageMemoryStrategy<std_msgs::msg::Float32_<std::allocator<void> >, std::allocator<void> >; NodeT = Node; std::string = std::__cxx11::basic_string<char>; typename MessageMemoryStrategyT::SharedPtr = std::shared_ptr<message_memory_strategy::MessageMemoryStrategy<std_msgs::msg::Float32_<std::allocator<void> >, std::allocator<void> > >][m[K[m[K’
[01m[K/opt/ros/jazzy/include/rclcpp/rclcpp/node_impl.hpp:99:47:[m[K   required from ‘[01m[Kstd::shared_ptr<ROSMessageT> rclcpp::Node::[01;32m[Kcreate_subscription[m[K(const std::string&, const rclcpp::QoS&, CallbackT&&, const rclcpp::SubscriptionOptionsWithAllocator<AllocatorT>&, typename MessageMemoryStrategyT::SharedPtr) [35m[K[with MessageT = std_msgs::msg::Float32_<std::allocator<void> >; CallbackT = std::_Bind<void (MinimalSubscriber::*(MinimalSubscriber*, std::_Placeholder<1>))(const int&) const>; AllocatorT = std::allocator<void>; SubscriptionT = rclcpp::Subscription<std_msgs::msg::Float32_<std::allocator<void> >, std::allocator<void>, std_msgs::msg::Float32_<std::allocator<void> >, std_msgs::msg::Float32_<std::allocator<void> >, rclcpp::message_memory_strategy::MessageMemoryStrategy<std_msgs::msg::Float32_<std::allocator<void> >, std::allocator<void> > >; MessageMemoryStrategyT = rclcpp::message_memory_strategy::MessageMemoryStrategy<std_msgs::msg::Float32_<std::allocator<void> >, std::allocator<void> >; std::string = std::__cxx11::basic_string<char>; typename MessageMemoryStrategyT::SharedPtr = std::shared_ptr<rclcpp::message_memory_strategy::MessageMemoryStrategy<std_msgs::msg::Float32_<std::allocator<void> >, std::allocator<void> > >][m[K[m[K’
[01m[K/home/kdh/Desktop/21th_robit_intern_kimdohun/ROS2/Day1/hw2/hw2_package/src/subscriber.cpp:19:79:[m[K   required from here
[01m[K/opt/ros/jazzy/include/rclcpp/rclcpp/any_subscription_callback.hpp:396:23:[m[K [01;31m[Kerror: [m[Kno match for ‘[01m[Koperator=[m[K’ (operand types are ‘[01m[Krclcpp::detail::AnySubscriptionCallbackHelper<std_msgs::msg::Float32_<std::allocator<void> >, std::allocator<void>, false, false>::variant_type[m[K’ {aka ‘[01m[Kstd::variant<std::function<void(const std_msgs::msg::Float32_<std::allocator<void> >&)>, std::function<void(const std_msgs::msg::Float32_<std::allocator<void> >&, const rclcpp::MessageInfo&)>, std::function<void(const rclcpp::SerializedMessage&)>, std::function<void(const rclcpp::SerializedMessage&, const rclcpp::MessageInfo&)>, std::function<void(std::unique_ptr<std_msgs::msg::Float32_<std::allocator<void> >, std::default_delete<std_msgs::msg::Float32_<std::allocator<void> > > >)>, std::function<void(std::unique_ptr<std_msgs::msg::Float32_<std::allocator<void> >, std::default_delete<std_msgs::msg::Float32_<std::allocator<void> > > >, const rclcpp::MessageInfo&)>, std::function<void(std::unique_ptr<rclcpp::SerializedMessage, std::default_delete<rclcpp::SerializedMessage> >)>, std::function<void(std::unique_ptr<rclcpp::SerializedMessage, std::default_delete<rclcpp::SerializedMessage> >, const rclcpp::MessageInfo&)>, std::function<void(std::shared_ptr<const std_msgs::msg::Float32_<std::allocator<void> > >)>, std::function<void(std::shared_ptr<const std_msgs::msg::Float32_<std::allocator<void> > >, const rclcpp::MessageInfo&)>, std::function<void(std::shared_ptr<const rclcpp::SerializedMessage>)>, std::function<void(std::shared_ptr<const rclcpp::SerializedMessage>, const rclcpp::MessageInfo&)>, std::function<void(const std::shared_ptr<const std_msgs::msg::Float32_<std::allocator<void> > >&)>, std::function<void(const std::shared_ptr<const std_msgs::msg::Float32_<std::allocator<void> > >&, const rclcpp::MessageInfo&)>, std::function<void(const std::shared_ptr<const rclcpp::SerializedMessage>&)>, std::function<void(const std::shared_ptr<const rclcpp::SerializedMessage>&, const rclcpp::MessageInfo&)>, std::function<void(std::shared_ptr<std_msgs::msg::Float32_<std::allocator<void> > >)>, std::function<void(std::shared_ptr<std_msgs::msg::Float32_<std::allocator<void> > >, const rclcpp::MessageInfo&)>, std::function<void(std::shared_ptr<rclcpp::SerializedMessage>)>, std::function<void(std::shared_ptr<rclcpp::SerializedMessage>, const rclcpp::MessageInfo&)> >[m[K’} and ‘[01m[Krclcpp::detail::SubscriptionCallbackTypeHelper<std_msgs::msg::Float32_<std::allocator<void> >, std::_Bind<void (MinimalSubscriber::*(MinimalSubscriber*, std::_Placeholder<1>))(const int&) const>, void>::callback_type[m[K’ {aka ‘[01m[Kstd::function<void(const int&)>[m[K’})
  396 |     [01;31m[Kcallback_variant_ = static_cast<typename scbth::callback_type>(callback)[m[K;
      |     [01;31m[K~~~~~~~~~~~~~~~~~~^~~~~~~~~~~~~~~~~~~~~~~~~~~~~~~~~~~~~~~~~~~~~~~~~~~~~~[m[K
[01m[K/usr/include/c++/13/variant:1494:9:[m[K [01;36m[Knote: [m[Kcandidate: ‘[01m[Ktemplate<class _Tp> std::enable_if_t<((__exactly_once<std::variant<_Types>::__accepted_type<_Tp&&, typename std::enable_if<__not_self<_Tp&&>, void>::type> > && is_constructible_v<std::variant<_Types>::__accepted_type<_Tp&&, typename std::enable_if<__not_self<_Tp&&>, void>::type>, _Tp>) && is_assignable_v<std::variant<_Types>::__accepted_type<_Tp&&, typename std::enable_if<__not_self<_Tp&&>, void>::type>&, _Tp>), std::variant<_Types>&> std::variant<_Types>::[01;32m[Koperator=[m[K(_Tp&&) [35m[K[with _Types = {std::function<void(const std_msgs::msg::Float32_<std::allocator<void> >&)>, std::function<void(const std_msgs::msg::Float32_<std::allocator<void> >&, const rclcpp::MessageInfo&)>, std::function<void(const rclcpp::SerializedMessage&)>, std::function<void(const rclcpp::SerializedMessage&, const rclcpp::MessageInfo&)>, std::function<void(std::unique_ptr<std_msgs::msg::Float32_<std::allocator<void> >, std::default_delete<std_msgs::msg::Float32_<std::allocator<void> > > >)>, std::function<void(std::unique_ptr<std_msgs::msg::Float32_<std::allocator<void> >, std::default_delete<std_msgs::msg::Float32_<std::allocator<void> > > >, const rclcpp::MessageInfo&)>, std::function<void(std::unique_ptr<rclcpp::SerializedMessage, std::default_delete<rclcpp::SerializedMessage> >)>, std::function<void(std::unique_ptr<rclcpp::SerializedMessage, std::default_delete<rclcpp::SerializedMessage> >, const rclcpp::MessageInfo&)>, std::function<void(std::shared_ptr<const std_msgs::msg::Float32_<std::allocator<void> > >)>, std::function<void(std::shared_ptr<const std_msgs::msg::Float32_<std::allocator<void> > >, const rclcpp::MessageInfo&)>, std::function<void(std::shared_ptr<const rclcpp::SerializedMessage>)>, std::function<void(std::shared_ptr<const rclcpp::SerializedMessage>, const rclcpp::MessageInfo&)>, std::function<void(const std::shared_ptr<const std_msgs::msg::Float32_<std::allocator<void> > >&)>, std::function<void(const std::shared_ptr<const std_msgs::msg::Float32_<std::allocator<void> > >&, const rclcpp::MessageInfo&)>, std::function<void(const std::shared_ptr<const rclcpp::SerializedMessage>&)>, std::function<void(const std::shared_ptr<const rclcpp::SerializedMessage>&, const rclcpp::MessageInfo&)>, std::function<void(std::shared_ptr<std_msgs::msg::Float32_<std::allocator<void> > >)>, std::function<void(std::shared_ptr<std_msgs::msg::Float32_<std::allocator<void> > >, const rclcpp::MessageInfo&)>, std::function<void(std::shared_ptr<rclcpp::SerializedMessage>)>, std::function<void(std::shared_ptr<rclcpp::SerializedMessage>, const rclcpp::MessageInfo&)>}][m[K[m[K’
 1494 |         [01;36m[Koperator[m[K=(_Tp&& __rhs)
      |         [01;36m[K^~~~~~~~[m[K
[01m[K/usr/include/c++/13/variant:1494:9:[m[K [01;36m[Knote: [m[K  template argument deduction/substitution failed:
/usr/include/c++/13/variant: In substitution of ‘[01m[Ktemplate<class ... _Types> template<class _Tp, class> using std::variant<_Types>::__accepted_type = std::variant<_Types>::__to_type<__accepted_index<_Tp> > [35m[K[with _Tp = std::function<void(const int&)>&&; <template-parameter-2-2> = void; _Types = {std::function<void(const std_msgs::msg::Float32_<std::allocator<void> >&)>, std::function<void(const std_msgs::msg::Float32_<std::allocator<void> >&, const rclcpp::MessageInfo&)>, std::function<void(const rclcpp::SerializedMessage&)>, std::function<void(const rclcpp::SerializedMessage&, const rclcpp::MessageInfo&)>, std::function<void(std::unique_ptr<std_msgs::msg::Float32_<std::allocator<void> >, std::default_delete<std_msgs::msg::Float32_<std::allocator<void> > > >)>, std::function<void(std::unique_ptr<std_msgs::msg::Float32_<std::allocator<void> >, std::default_delete<std_msgs::msg::Float32_<std::allocator<void> > > >, const rclcpp::MessageInfo&)>, std::function<void(std::unique_ptr<rclcpp::SerializedMessage, std::default_delete<rclcpp::SerializedMessage> >)>, std::function<void(std::unique_ptr<rclcpp::SerializedMessage, std::default_delete<rclcpp::SerializedMessage> >, const rclcpp::MessageInfo&)>, std::function<void(std::shared_ptr<const std_msgs::msg::Float32_<std::allocator<void> > >)>, std::function<void(std::shared_ptr<const std_msgs::msg::Float32_<std::allocator<void> > >, const rclcpp::MessageInfo&)>, std::function<void(std::shared_ptr<const rclcpp::SerializedMessage>)>, std::function<void(std::shared_ptr<const rclcpp::SerializedMessage>, const rclcpp::MessageInfo&)>, std::function<void(const std::shared_ptr<const std_msgs::msg::Float32_<std::allocator<void> > >&)>, std::function<void(const std::shared_ptr<const std_msgs::msg::Float32_<std::allocator<void> > >&, const rclcpp::MessageInfo&)>, std::function<void(const std::shared_ptr<const rclcpp::SerializedMessage>&)>, std::function<void(const std::shared_ptr<const rclcpp::SerializedMessage>&, const rclcpp::MessageInfo&)>, std::function<void(std::shared_ptr<std_msgs::msg::Float32_<std::allocator<void> > >)>, std::function<void(std::shared_ptr<std_msgs::msg::Float32_<std::allocator<void> > >, const rclcpp::MessageInfo&)>, std::function<void(std::shared_ptr<rclcpp::SerializedMessage>)>, std::function<void(std::shared_ptr<rclcpp::SerializedMessage>, const rclcpp::MessageInfo&)>}][m[K[m[K’:
[01m[K/usr/include/c++/13/variant:1490:14:[m[K   required by substitution of ‘[01m[Ktemplate<class _Tp> std::enable_if_t<((__exactly_once<std::variant<std::function<void(const std_msgs::msg::Float32_<std::allocator<void> >&)>, std::function<void(const std_msgs::msg::Float32_<std::allocator<void> >&, const rclcpp::MessageInfo&)>, std::function<void(const rclcpp::SerializedMessage&)>, std::function<void(const rclcpp::SerializedMessage&, const rclcpp::MessageInfo&)>, std::function<void(std::unique_ptr<std_msgs::msg::Float32_<std::allocator<void> >, std::default_delete<std_msgs::msg::Float32_<std::allocator<void> > > >)>, std::function<void(std::unique_ptr<std_msgs::msg::Float32_<std::allocator<void> >, std::default_delete<std_msgs::msg::Float32_<std::allocator<void> > > >, const rclcpp::MessageInfo&)>, std::function<void(std::unique_ptr<rclcpp::SerializedMessage, std::default_delete<rclcpp::SerializedMessage> >)>, std::function<void(std::unique_ptr<rclcpp::SerializedMessage, std::default_delete<rclcpp::SerializedMessage> >, const rclcpp::MessageInfo&)>, std::function<void(std::shared_ptr<const std_msgs::msg::Float32_<std::allocator<void> > >)>, std::function<void(std::shared_ptr<const std_msgs::msg::Float32_<std::allocator<void> > >, const rclcpp::MessageInfo&)>, std::function<void(std::shared_ptr<const rclcpp::SerializedMessage>)>, std::function<void(std::shared_ptr<const rclcpp::SerializedMessage>, const rclcpp::MessageInfo&)>, std::function<void(const std::shared_ptr<const std_msgs::msg::Float32_<std::allocator<void> > >&)>, std::function<void(const std::shared_ptr<const std_msgs::msg::Float32_<std::allocator<void> > >&, const rclcpp::MessageInfo&)>, std::function<void(const std::shared_ptr<const rclcpp::SerializedMessage>&)>, std::function<void(const std::shared_ptr<const rclcpp::SerializedMessage>&, const rclcpp::MessageInfo&)>, std::function<void(std::shared_ptr<std_msgs::msg::Float32_<std::allocator<void> > >)>, std::function<void(std::shared_ptr<std_msgs::msg::Float32_<std::allocator<void> > >, const rclcpp::MessageInfo&)>, std::function<void(std::shared_ptr<rclcpp::SerializedMessage>)>, std::function<void(std::shared_ptr<rclcpp::SerializedMessage>, const rclcpp::MessageInfo&)> >::__accepted_type<_Tp&&, typename std::enable_if<__not_self<_Tp&&>, void>::type> > && is_constructible_v<std::variant<std::function<void(const std_msgs::msg::Float32_<std::allocator<void> >&)>, std::function<void(const std_msgs::msg::Float32_<std::allocator<void> >&, const rclcpp::MessageInfo&)>, std::function<void(const rclcpp::SerializedMessage&)>, std::function<void(const rclcpp::SerializedMessage&, const rclcpp::MessageInfo&)>, std::function<void(std::unique_ptr<std_msgs::msg::Float32_<std::allocator<void> >, std::default_delete<std_msgs::msg::Float32_<std::allocator<void> > > >)>, std::function<void(std::unique_ptr<std_msgs::msg::Float32_<std::allocator<void> >, std::default_delete<std_msgs::msg::Float32_<std::allocator<void> > > >, const rclcpp::MessageInfo&)>, std::function<void(std::unique_ptr<rclcpp::SerializedMessage, std::default_delete<rclcpp::SerializedMessage> >)>, std::function<void(std::unique_ptr<rclcpp::SerializedMessage, std::default_delete<rclcpp::SerializedMessage> >, const rclcpp::MessageInfo&)>, std::function<void(std::shared_ptr<const std_msgs::msg::Float32_<std::allocator<void> > >)>, std::function<void(std::shared_ptr<const std_msgs::msg::Float32_<std::allocator<void> > >, const rclcpp::MessageInfo&)>, std::function<void(std::shared_ptr<const rclcpp::SerializedMessage>)>, std::function<void(std::shared_ptr<const rclcpp::SerializedMessage>, const rclcpp::MessageInfo&)>, std::function<void(const std::shared_ptr<const std_msgs::msg::Float32_<std::allocator<void> > >&)>, std::function<void(const std::shared_ptr<const std_msgs::msg::Float32_<std::allocator<void> > >&, const rclcpp::MessageInfo&)>, std::function<void(const std::shared_ptr<const rclcpp::SerializedMessage>&)>, std::function<void(const std::shared_ptr<const rclcpp::SerializedMessage>&, const rclcpp::MessageInfo&)>, std::function<void(std::shared_ptr<std_msgs::msg::Float32_<std::allocator<void> > >)>, std::function<void(std::shared_ptr<std_msgs::msg::Float32_<std::allocator<void> > >, const rclcpp::MessageInfo&)>, std::function<void(std::shared_ptr<rclcpp::SerializedMessage>)>, std::function<void(std::shared_ptr<rclcpp::SerializedMessage>, const rclcpp::MessageInfo&)> >::__accepted_type<_Tp&&, typename std::enable_if<__not_self<_Tp&&>, void>::type>, _Tp>) && is_assignable_v<std::variant<std::function<void(const std_msgs::msg::Float32_<std::allocator<void> >&)>, std::function<void(const std_msgs::msg::Float32_<std::allocator<void> >&, const rclcpp::MessageInfo&)>, std::function<void(const rclcpp::SerializedMessage&)>, std::function<void(const rclcpp::SerializedMessage&, const rclcpp::MessageInfo&)>, std::function<void(std::unique_ptr<std_msgs::msg::Float32_<std::allocator<void> >, std::default_delete<std_msgs::msg::Float32_<std::allocator<void> > > >)>, std::function<void(std::unique_ptr<std_msgs::msg::Float32_<std::allocator<void> >, std::default_delete<std_msgs::msg::Float32_<std::allocator<void> > > >, const rclcpp::MessageInfo&)>, std::function<void(std::unique_ptr<rclcpp::SerializedMessage, std::default_delete<rclcpp::SerializedMessage> >)>, std::function<void(std::unique_ptr<rclcpp::SerializedMessage, std::default_delete<rclcpp::SerializedMessage> >, const rclcpp::MessageInfo&)>, std::function<void(std::shared_ptr<const std_msgs::msg::Float32_<std::allocator<void> > >)>, std::function<void(std::shared_ptr<const std_msgs::msg::Float32_<std::allocator<void> > >, const rclcpp::MessageInfo&)>, std::function<void(std::shared_ptr<const rclcpp::SerializedMessage>)>, std::function<void(std::shared_ptr<const rclcpp::SerializedMessage>, const rclcpp::MessageInfo&)>, std::function<void(const std::shared_ptr<const std_msgs::msg::Float32_<std::allocator<void> > >&)>, std::function<void(const std::shared_ptr<const std_msgs::msg::Float32_<std::allocator<void> > >&, const rclcpp::MessageInfo&)>, std::function<void(const std::shared_ptr<const rclcpp::SerializedMessage>&)>, std::function<void(const std::shared_ptr<const rclcpp::SerializedMessage>&, const rclcpp::MessageInfo&)>, std::function<void(std::shared_ptr<std_msgs::msg::Float32_<std::allocator<void> > >)>, std::function<void(std::shared_ptr<std_msgs::msg::Float32_<std::allocator<void> > >, const rclcpp::MessageInfo&)>, std::function<void(std::shared_ptr<rclcpp::SerializedMessage>)>, std::function<void(std::shared_ptr<rclcpp::SerializedMessage>, const rclcpp::MessageInfo&)> >::__accepted_type<_Tp&&, typename std::enable_if<__not_self<_Tp&&>, void>::type>&, _Tp>), std::variant<std::function<void(const std_msgs::msg::Float32_<std::allocator<void> >&)>, std::function<void(const std_msgs::msg::Float32_<std::allocator<void> >&, const rclcpp::MessageInfo&)>, std::function<void(const rclcpp::SerializedMessage&)>, std::function<void(const rclcpp::SerializedMessage&, const rclcpp::MessageInfo&)>, std::function<void(std::unique_ptr<std_msgs::msg::Float32_<std::allocator<void> >, std::default_delete<std_msgs::msg::Float32_<std::allocator<void> > > >)>, std::function<void(std::unique_ptr<std_msgs::msg::Float32_<std::allocator<void> >, std::default_delete<std_msgs::msg::Float32_<std::allocator<void> > > >, const rclcpp::MessageInfo&)>, std::function<void(std::unique_ptr<rclcpp::SerializedMessage, std::default_delete<rclcpp::SerializedMessage> >)>, std::function<void(std::unique_ptr<rclcpp::SerializedMessage, std::default_delete<rclcpp::SerializedMessage> >, const rclcpp::MessageInfo&)>, std::function<void(std::shared_ptr<const std_msgs::msg::Float32_<std::allocator<void> > >)>, std::function<void(std::shared_ptr<const std_msgs::msg::Float32_<std::allocator<void> > >, const rclcpp::MessageInfo&)>, std::function<void(std::shared_ptr<const rclcpp::SerializedMessage>)>, std::function<void(std::shared_ptr<const rclcpp::SerializedMessage>, const rclcpp::MessageInfo&)>, std::function<void(const std::shared_ptr<const std_msgs::msg::Float32_<std::allocator<void> > >&)>, std::function<void(const std::shared_ptr<const std_msgs::msg::Float32_<std::allocator<void> > >&, const rclcpp::MessageInfo&)>, std::function<void(const std::shared_ptr<const rclcpp::SerializedMessage>&)>, std::function<void(const std::shared_ptr<const rclcpp::SerializedMessage>&, const rclcpp::MessageInfo&)>, std::function<void(std::shared_ptr<std_msgs::msg::Float32_<std::allocator<void> > >)>, std::function<void(std::shared_ptr<std_msgs::msg::Float32_<std::allocator<void> > >, const rclcpp::MessageInfo&)>, std::function<void(std::shared_ptr<rclcpp::SerializedMessage>)>, std::function<void(std::shared_ptr<rclcpp::SerializedMessage>, const rclcpp::MessageInfo&)> >&> std::variant<std::function<void(const std_msgs::msg::Float32_<std::allocator<void> >&)>, std::function<void(const std_msgs::msg::Float32_<std::allocator<void> >&, const rclcpp::MessageInfo&)>, std::function<void(const rclcpp::SerializedMessage&)>, std::function<void(const rclcpp::SerializedMessage&, const rclcpp::MessageInfo&)>, std::function<void(std::unique_ptr<std_msgs::msg::Float32_<std::allocator<void> >, std::default_delete<std_msgs::msg::Float32_<std::allocator<void> > > >)>, std::function<void(std::unique_ptr<std_msgs::msg::Float32_<std::allocator<void> >, std::default_delete<std_msgs::msg::Float32_<std::allocator<void> > > >, const rclcpp::MessageInfo&)>, std::function<void(std::unique_ptr<rclcpp::SerializedMessage, std::default_delete<rclcpp::SerializedMessage> >)>, std::function<void(std::unique_ptr<rclcpp::SerializedMessage, std::default_delete<rclcpp::SerializedMessage> >, const rclcpp::MessageInfo&)>, std::function<void(std::shared_ptr<const std_msgs::msg::Float32_<std::allocator<void> > >)>, std::function<void(std::shared_ptr<const std_msgs::msg::Float32_<std::allocator<void> > >, const rclcpp::MessageInfo&)>, std::function<void(std::shared_ptr<const rclcpp::SerializedMessage>)>, std::function<void(std::shared_ptr<const rclcpp::SerializedMessage>, const rclcpp::MessageInfo&)>, std::function<void(const std::shared_ptr<const std_msgs::msg::Float32_<std::allocator<void> > >&)>, std::function<void(const std::shared_ptr<const std_msgs::msg::Float32_<std::allocator<void> > >&, const rclcpp::MessageInfo&)>, std::function<void(const std::shared_ptr<const rclcpp::SerializedMessage>&)>, std::function<void(const std::shared_ptr<const rclcpp::SerializedMessage>&, const rclcpp::MessageInfo&)>, std::function<void(std::shared_ptr<std_msgs::msg::Float32_<std::allocator<void> > >)>, std::function<void(std::shared_ptr<std_msgs::msg::Float32_<std::allocator<void> > >, const rclcpp::MessageInfo&)>, std::function<void(std::shared_ptr<rclcpp::SerializedMessage>)>, std::function<void(std::shared_ptr<rclcpp::SerializedMessage>, const rclcpp::MessageInfo&)> >::[01;32m[Koperator=[m[K(_Tp&&) [35m[K[with _Tp = std::function<void(const int&)>][m[K[m[K’
[01m[K/opt/ros/jazzy/include/rclcpp/rclcpp/any_subscription_callback.hpp:396:23:[m[K   required from ‘[01m[Krclcpp::AnySubscriptionCallback<MessageT, AllocatorT> rclcpp::AnySubscriptionCallback<MessageT, AllocatorT>::[01;32m[Kset[m[K(CallbackT) [35m[K[with CallbackT = std::_Bind<void (MinimalSubscriber::*(MinimalSubscriber*, std::_Placeholder<1>))(const int&) const>; MessageT = std_msgs::msg::Float32_<std::allocator<void> >; AllocatorT = std::allocator<void>][m[K[m[K’
[01m[K/opt/ros/jazzy/include/rclcpp/rclcpp/subscription_factory.hpp:93:32:[m[K   required from ‘[01m[Krclcpp::SubscriptionFactory rclcpp::[01;32m[Kcreate_subscription_factory[m[K(CallbackT&&, const SubscriptionOptionsWithAllocator<AllocatorT>&, typename MessageMemoryStrategyT::SharedPtr, std::shared_ptr<topic_statistics::SubscriptionTopicStatistics>) [35m[K[with MessageT = std_msgs::msg::Float32_<std::allocator<void> >; CallbackT = std::_Bind<void (MinimalSubscriber::*(MinimalSubscriber*, std::_Placeholder<1>))(const int&) const>; AllocatorT = std::allocator<void>; SubscriptionT = Subscription<std_msgs::msg::Float32_<std::allocator<void> >, std::allocator<void>, std_msgs::msg::Float32_<std::allocator<void> >, std_msgs::msg::Float32_<std::allocator<void> >, message_memory_strategy::MessageMemoryStrategy<std_msgs::msg::Float32_<std::allocator<void> >, std::allocator<void> > >; MessageMemoryStrategyT = message_memory_strategy::MessageMemoryStrategy<std_msgs::msg::Float32_<std::allocator<void> >, std::allocator<void> >; typename MessageMemoryStrategyT::SharedPtr = std::shared_ptr<message_memory_strategy::MessageMemoryStrategy<std_msgs::msg::Float32_<std::allocator<void> >, std::allocator<void> > >][m[K[m[K’
[01m[K/opt/ros/jazzy/include/rclcpp/rclcpp/create_subscription.hpp:121:63:[m[K   required from ‘[01m[Kstd::shared_ptr<ROSMessageT> rclcpp::detail::[01;32m[Kcreate_subscription[m[K(NodeParametersT&, NodeTopicsT&, const std::string&, const rclcpp::QoS&, CallbackT&&, const rclcpp::SubscriptionOptionsWithAllocator<AllocatorT>&, typename MessageMemoryStrategyT::SharedPtr) [35m[K[with MessageT = std_msgs::msg::Float32_<std::allocator<void> >; CallbackT = std::_Bind<void (MinimalSubscriber::*(MinimalSubscriber*, std::_Placeholder<1>))(const int&) const>; AllocatorT = std::allocator<void>; SubscriptionT = rclcpp::Subscription<std_msgs::msg::Float32_<std::allocator<void> >, std::allocator<void>, std_msgs::msg::Float32_<std::allocator<void> >, std_msgs::msg::Float32_<std::allocator<void> >, rclcpp::message_memory_strategy::MessageMemoryStrategy<std_msgs::msg::Float32_<std::allocator<void> >, std::allocator<void> > >; MessageMemoryStrategyT = rclcpp::message_memory_strategy::MessageMemoryStrategy<std_msgs::msg::Float32_<std::allocator<void> >, std::allocator<void> >; NodeParametersT = rclcpp::Node; NodeTopicsT = rclcpp::Node; std::string = std::__cxx11::basic_string<char>; typename MessageMemoryStrategyT::SharedPtr = std::shared_ptr<rclcpp::message_memory_strategy::MessageMemoryStrategy<std_msgs::msg::Float32_<std::allocator<void> >, std::allocator<void> > >][m[K[m[K’
[01m[K/opt/ros/jazzy/include/rclcpp/rclcpp/create_subscription.hpp:190:76:[m[K   required from ‘[01m[Kstd::shared_ptr<ROSMessageT> rclcpp::[01;32m[Kcreate_subscription[m[K(NodeT&, const std::string&, const QoS&, CallbackT&&, const SubscriptionOptionsWithAllocator<AllocatorT>&, typename MessageMemoryStrategyT::SharedPtr) [35m[K[with MessageT = std_msgs::msg::Float32_<std::allocator<void> >; CallbackT = std::_Bind<void (MinimalSubscriber::*(MinimalSubscriber*, std::_Placeholder<1>))(const int&) const>; AllocatorT = std::allocator<void>; SubscriptionT = Subscription<std_msgs::msg::Float32_<std::allocator<void> >, std::allocator<void>, std_msgs::msg::Float32_<std::allocator<void> >, std_msgs::msg::Float32_<std::allocator<void> >, message_memory_strategy::MessageMemoryStrategy<std_msgs::msg::Float32_<std::allocator<void> >, std::allocator<void> > >; MessageMemoryStrategyT = message_memory_strategy::MessageMemoryStrategy<std_msgs::msg::Float32_<std::allocator<void> >, std::allocator<void> >; NodeT = Node; std::string = std::__cxx11::basic_string<char>; typename MessageMemoryStrategyT::SharedPtr = std::shared_ptr<message_memory_strategy::MessageMemoryStrategy<std_msgs::msg::Float32_<std::allocator<void> >, std::allocator<void> > >][m[K[m[K’
[01m[K/opt/ros/jazzy/include/rclcpp/rclcpp/node_impl.hpp:99:47:[m[K   required from ‘[01m[Kstd::shared_ptr<ROSMessageT> rclcpp::Node::[01;32m[Kcreate_subscription[m[K(const std::string&, const rclcpp::QoS&, CallbackT&&, const rclcpp::SubscriptionOptionsWithAllocator<AllocatorT>&, typename MessageMemoryStrategyT::SharedPtr) [35m[K[with MessageT = std_msgs::msg::Float32_<std::allocator<void> >; CallbackT = std::_Bind<void (MinimalSubscriber::*(MinimalSubscriber*, std::_Placeholder<1>))(const int&) const>; AllocatorT = std::allocator<void>; SubscriptionT = rclcpp::Subscription<std_msgs::msg::Float32_<std::allocator<void> >, std::allocator<void>, std_msgs::msg::Float32_<std::allocator<void> >, std_msgs::msg::Float32_<std::allocator<void> >, rclcpp::message_memory_strategy::MessageMemoryStrategy<std_msgs::msg::Float32_<std::allocator<void> >, std::allocator<void> > >; MessageMemoryStrategyT = rclcpp::message_memory_strategy::MessageMemoryStrategy<std_msgs::msg::Float32_<std::allocator<void> >, std::allocator<void> >; std::string = std::__cxx11::basic_string<char>; typename MessageMemoryStrategyT::SharedPtr = std::shared_ptr<rclcpp::message_memory_strategy::MessageMemoryStrategy<std_msgs::msg::Float32_<std::allocator<void> >, std::allocator<void> > >][m[K[m[K’
[01m[K/home/kdh/Desktop/21th_robit_intern_kimdohun/ROS2/Day1/hw2/hw2_package/src/subscriber.cpp:19:79:[m[K   required from here
[01m[K/usr/include/c++/13/variant:1407:15:[m[K [01;31m[Kerror: [m[Kno type named ‘[01m[Ktype[m[K’ in ‘[01m[Kstruct std::enable_if<false, void>[m[K’
 1407 |         using [01;31m[K__accepted_type[m[K = __to_type<__accepted_index<_Tp>>;
      |               [01;31m[K^~~~~~~~~~~~~~~[m[K
/opt/ros/jazzy/include/rclcpp/rclcpp/any_subscription_callback.hpp: In instantiation of ‘[01m[Krclcpp::AnySubscriptionCallback<MessageT, AllocatorT> rclcpp::AnySubscriptionCallback<MessageT, AllocatorT>::[01;32m[Kset[m[K(CallbackT) [35m[K[with CallbackT = std::_Bind<void (MinimalSubscriber::*(MinimalSubscriber*, std::_Placeholder<1>))(const int&) const>; MessageT = std_msgs::msg::Float32_<std::allocator<void> >; AllocatorT = std::allocator<void>][m[K[m[K’:
[01m[K/opt/ros/jazzy/include/rclcpp/rclcpp/subscription_factory.hpp:93:32:[m[K   required from ‘[01m[Krclcpp::SubscriptionFactory rclcpp::[01;32m[Kcreate_subscription_factory[m[K(CallbackT&&, const SubscriptionOptionsWithAllocator<AllocatorT>&, typename MessageMemoryStrategyT::SharedPtr, std::shared_ptr<topic_statistics::SubscriptionTopicStatistics>) [35m[K[with MessageT = std_msgs::msg::Float32_<std::allocator<void> >; CallbackT = std::_Bind<void (MinimalSubscriber::*(MinimalSubscriber*, std::_Placeholder<1>))(const int&) const>; AllocatorT = std::allocator<void>; SubscriptionT = Subscription<std_msgs::msg::Float32_<std::allocator<void> >, std::allocator<void>, std_msgs::msg::Float32_<std::allocator<void> >, std_msgs::msg::Float32_<std::allocator<void> >, message_memory_strategy::MessageMemoryStrategy<std_msgs::msg::Float32_<std::allocator<void> >, std::allocator<void> > >; MessageMemoryStrategyT = message_memory_strategy::MessageMemoryStrategy<std_msgs::msg::Float32_<std::allocator<void> >, std::allocator<void> >; typename MessageMemoryStrategyT::SharedPtr = std::shared_ptr<message_memory_strategy::MessageMemoryStrategy<std_msgs::msg::Float32_<std::allocator<void> >, std::allocator<void> > >][m[K[m[K’
[01m[K/opt/ros/jazzy/include/rclcpp/rclcpp/create_subscription.hpp:121:63:[m[K   required from ‘[01m[Kstd::shared_ptr<ROSMessageT> rclcpp::detail::[01;32m[Kcreate_subscription[m[K(NodeParametersT&, NodeTopicsT&, const std::string&, const rclcpp::QoS&, CallbackT&&, const rclcpp::SubscriptionOptionsWithAllocator<AllocatorT>&, typename MessageMemoryStrategyT::SharedPtr) [35m[K[with MessageT = std_msgs::msg::Float32_<std::allocator<void> >; CallbackT = std::_Bind<void (MinimalSubscriber::*(MinimalSubscriber*, std::_Placeholder<1>))(const int&) const>; AllocatorT = std::allocator<void>; SubscriptionT = rclcpp::Subscription<std_msgs::msg::Float32_<std::allocator<void> >, std::allocator<void>, std_msgs::msg::Float32_<std::allocator<void> >, std_msgs::msg::Float32_<std::allocator<void> >, rclcpp::message_memory_strategy::MessageMemoryStrategy<std_msgs::msg::Float32_<std::allocator<void> >, std::allocator<void> > >; MessageMemoryStrategyT = rclcpp::message_memory_strategy::MessageMemoryStrategy<std_msgs::msg::Float32_<std::allocator<void> >, std::allocator<void> >; NodeParametersT = rclcpp::Node; NodeTopicsT = rclcpp::Node; std::string = std::__cxx11::basic_string<char>; typename MessageMemoryStrategyT::SharedPtr = std::shared_ptr<rclcpp::message_memory_strategy::MessageMemoryStrategy<std_msgs::msg::Float32_<std::allocator<void> >, std::allocator<void> > >][m[K[m[K’
[01m[K/opt/ros/jazzy/include/rclcpp/rclcpp/create_subscription.hpp:190:76:[m[K   required from ‘[01m[Kstd::shared_ptr<ROSMessageT> rclcpp::[01;32m[Kcreate_subscription[m[K(NodeT&, const std::string&, const QoS&, CallbackT&&, const SubscriptionOptionsWithAllocator<AllocatorT>&, typename MessageMemoryStrategyT::SharedPtr) [35m[K[with MessageT = std_msgs::msg::Float32_<std::allocator<void> >; CallbackT = std::_Bind<void (MinimalSubscriber::*(MinimalSubscriber*, std::_Placeholder<1>))(const int&) const>; AllocatorT = std::allocator<void>; SubscriptionT = Subscription<std_msgs::msg::Float32_<std::allocator<void> >, std::allocator<void>, std_msgs::msg::Float32_<std::allocator<void> >, std_msgs::msg::Float32_<std::allocator<void> >, message_memory_strategy::MessageMemoryStrategy<std_msgs::msg::Float32_<std::allocator<void> >, std::allocator<void> > >; MessageMemoryStrategyT = message_memory_strategy::MessageMemoryStrategy<std_msgs::msg::Float32_<std::allocator<void> >, std::allocator<void> >; NodeT = Node; std::string = std::__cxx11::basic_string<char>; typename MessageMemoryStrategyT::SharedPtr = std::shared_ptr<message_memory_strategy::MessageMemoryStrategy<std_msgs::msg::Float32_<std::allocator<void> >, std::allocator<void> > >][m[K[m[K’
[01m[K/opt/ros/jazzy/include/rclcpp/rclcpp/node_impl.hpp:99:47:[m[K   required from ‘[01m[Kstd::shared_ptr<ROSMessageT> rclcpp::Node::[01;32m[Kcreate_subscription[m[K(const std::string&, const rclcpp::QoS&, CallbackT&&, const rclcpp::SubscriptionOptionsWithAllocator<AllocatorT>&, typename MessageMemoryStrategyT::SharedPtr) [35m[K[with MessageT = std_msgs::msg::Float32_<std::allocator<void> >; CallbackT = std::_Bind<void (MinimalSubscriber::*(MinimalSubscriber*, std::_Placeholder<1>))(const int&) const>; AllocatorT = std::allocator<void>; SubscriptionT = rclcpp::Subscription<std_msgs::msg::Float32_<std::allocator<void> >, std::allocator<void>, std_msgs::msg::Float32_<std::allocator<void> >, std_msgs::msg::Float32_<std::allocator<void> >, rclcpp::message_memory_strategy::MessageMemoryStrategy<std_msgs::msg::Float32_<std::allocator<void> >, std::allocator<void> > >; MessageMemoryStrategyT = rclcpp::message_memory_strategy::MessageMemoryStrategy<std_msgs::msg::Float32_<std::allocator<void> >, std::allocator<void> >; std::string = std::__cxx11::basic_string<char>; typename MessageMemoryStrategyT::SharedPtr = std::shared_ptr<rclcpp::message_memory_strategy::MessageMemoryStrategy<std_msgs::msg::Float32_<std::allocator<void> >, std::allocator<void> > >][m[K[m[K’
[01m[K/home/kdh/Desktop/21th_robit_intern_kimdohun/ROS2/Day1/hw2/hw2_package/src/subscriber.cpp:19:79:[m[K   required from here
[01m[K/usr/include/c++/13/variant:1430:16:[m[K [01;36m[Knote: [m[Kcandidate: ‘[01m[Kstd::variant<_Types>& std::variant<_Types>::[01;32m[Koperator=[m[K(const std::variant<_Types>&) [35m[K[with _Types = {std::function<void(const std_msgs::msg::Float32_<std::allocator<void> >&)>, std::function<void(const std_msgs::msg::Float32_<std::allocator<void> >&, const rclcpp::MessageInfo&)>, std::function<void(const rclcpp::SerializedMessage&)>, std::function<void(const rclcpp::SerializedMessage&, const rclcpp::MessageInfo&)>, std::function<void(std::unique_ptr<std_msgs::msg::Float32_<std::allocator<void> >, std::default_delete<std_msgs::msg::Float32_<std::allocator<void> > > >)>, std::function<void(std::unique_ptr<std_msgs::msg::Float32_<std::allocator<void> >, std::default_delete<std_msgs::msg::Float32_<std::allocator<void> > > >, const rclcpp::MessageInfo&)>, std::function<void(std::unique_ptr<rclcpp::SerializedMessage, std::default_delete<rclcpp::SerializedMessage> >)>, std::function<void(std::unique_ptr<rclcpp::SerializedMessage, std::default_delete<rclcpp::SerializedMessage> >, const rclcpp::MessageInfo&)>, std::function<void(std::shared_ptr<const std_msgs::msg::Float32_<std::allocator<void> > >)>, std::function<void(std::shared_ptr<const std_msgs::msg::Float32_<std::allocator<void> > >, const rclcpp::MessageInfo&)>, std::function<void(std::shared_ptr<const rclcpp::SerializedMessage>)>, std::function<void(std::shared_ptr<const rclcpp::SerializedMessage>, const rclcpp::MessageInfo&)>, std::function<void(const std::shared_ptr<const std_msgs::msg::Float32_<std::allocator<void> > >&)>, std::function<void(const std::shared_ptr<const std_msgs::msg::Float32_<std::allocator<void> > >&, const rclcpp::MessageInfo&)>, std::function<void(const std::shared_ptr<const rclcpp::SerializedMessage>&)>, std::function<void(const std::shared_ptr<const rclcpp::SerializedMessage>&, const rclcpp::MessageInfo&)>, std::function<void(std::shared_ptr<std_msgs::msg::Float32_<std::allocator<void> > >)>, std::function<void(std::shared_ptr<std_msgs::msg::Float32_<std::allocator<void> > >, const rclcpp::MessageInfo&)>, std::function<void(std::shared_ptr<rclcpp::SerializedMessage>)>, std::function<void(std::shared_ptr<rclcpp::SerializedMessage>, const rclcpp::MessageInfo&)>}][m[K[m[K’
 1430 |       variant& [01;36m[Koperator[m[K=(const variant&) = default;
      |                [01;36m[K^~~~~~~~[m[K
[01m[K/usr/include/c++/13/variant:1430:26:[m[K [01;36m[Knote: [m[K  no known conversion for argument 1 from ‘[01m[Krclcpp::detail::SubscriptionCallbackTypeHelper<std_msgs::msg::Float32_<std::allocator<void> >, std::_Bind<void (MinimalSubscriber::*(MinimalSubscriber*, std::_Placeholder<1>))(const int&) const>, void>::callback_type[m[K’ {aka ‘[01m[Kstd::function<void(const int&)>[m[K’} to ‘[01m[Kconst std::variant<std::function<void(const std_msgs::msg::Float32_<std::allocator<void> >&)>, std::function<void(const std_msgs::msg::Float32_<std::allocator<void> >&, const rclcpp::MessageInfo&)>, std::function<void(const rclcpp::SerializedMessage&)>, std::function<void(const rclcpp::SerializedMessage&, const rclcpp::MessageInfo&)>, std::function<void(std::unique_ptr<std_msgs::msg::Float32_<std::allocator<void> >, std::default_delete<std_msgs::msg::Float32_<std::allocator<void> > > >)>, std::function<void(std::unique_ptr<std_msgs::msg::Float32_<std::allocator<void> >, std::default_delete<std_msgs::msg::Float32_<std::allocator<void> > > >, const rclcpp::MessageInfo&)>, std::function<void(std::unique_ptr<rclcpp::SerializedMessage, std::default_delete<rclcpp::SerializedMessage> >)>, std::function<void(std::unique_ptr<rclcpp::SerializedMessage, std::default_delete<rclcpp::SerializedMessage> >, const rclcpp::MessageInfo&)>, std::function<void(std::shared_ptr<const std_msgs::msg::Float32_<std::allocator<void> > >)>, std::function<void(std::shared_ptr<const std_msgs::msg::Float32_<std::allocator<void> > >, const rclcpp::MessageInfo&)>, std::function<void(std::shared_ptr<const rclcpp::SerializedMessage>)>, std::function<void(std::shared_ptr<const rclcpp::SerializedMessage>, const rclcpp::MessageInfo&)>, std::function<void(const std::shared_ptr<const std_msgs::msg::Float32_<std::allocator<void> > >&)>, std::function<void(const std::shared_ptr<const std_msgs::msg::Float32_<std::allocator<void> > >&, const rclcpp::MessageInfo&)>, std::function<void(const std::shared_ptr<const rclcpp::SerializedMessage>&)>, std::function<void(const std::shared_ptr<const rclcpp::SerializedMessage>&, const rclcpp::MessageInfo&)>, std::function<void(std::shared_ptr<std_msgs::msg::Float32_<std::allocator<void> > >)>, std::function<void(std::shared_ptr<std_msgs::msg::Float32_<std::allocator<void> > >, const rclcpp::MessageInfo&)>, std::function<void(std::shared_ptr<rclcpp::SerializedMessage>)>, std::function<void(std::shared_ptr<rclcpp::SerializedMessage>, const rclcpp::MessageInfo&)> >&[m[K’
 1430 |       variant& operator=([01;36m[Kconst variant&[m[K) = default;
      |                          [01;36m[K^~~~~~~~~~~~~~[m[K
[01m[K/usr/include/c++/13/variant:1431:16:[m[K [01;36m[Knote: [m[Kcandidate: ‘[01m[Kstd::variant<_Types>& std::variant<_Types>::[01;32m[Koperator=[m[K(std::variant<_Types>&&) [35m[K[with _Types = {std::function<void(const std_msgs::msg::Float32_<std::allocator<void> >&)>, std::function<void(const std_msgs::msg::Float32_<std::allocator<void> >&, const rclcpp::MessageInfo&)>, std::function<void(const rclcpp::SerializedMessage&)>, std::function<void(const rclcpp::SerializedMessage&, const rclcpp::MessageInfo&)>, std::function<void(std::unique_ptr<std_msgs::msg::Float32_<std::allocator<void> >, std::default_delete<std_msgs::msg::Float32_<std::allocator<void> > > >)>, std::function<void(std::unique_ptr<std_msgs::msg::Float32_<std::allocator<void> >, std::default_delete<std_msgs::msg::Float32_<std::allocator<void> > > >, const rclcpp::MessageInfo&)>, std::function<void(std::unique_ptr<rclcpp::SerializedMessage, std::default_delete<rclcpp::SerializedMessage> >)>, std::function<void(std::unique_ptr<rclcpp::SerializedMessage, std::default_delete<rclcpp::SerializedMessage> >, const rclcpp::MessageInfo&)>, std::function<void(std::shared_ptr<const std_msgs::msg::Float32_<std::allocator<void> > >)>, std::function<void(std::shared_ptr<const std_msgs::msg::Float32_<std::allocator<void> > >, const rclcpp::MessageInfo&)>, std::function<void(std::shared_ptr<const rclcpp::SerializedMessage>)>, std::function<void(std::shared_ptr<const rclcpp::SerializedMessage>, const rclcpp::MessageInfo&)>, std::function<void(const std::shared_ptr<const std_msgs::msg::Float32_<std::allocator<void> > >&)>, std::function<void(const std::shared_ptr<const std_msgs::msg::Float32_<std::allocator<void> > >&, const rclcpp::MessageInfo&)>, std::function<void(const std::shared_ptr<const rclcpp::SerializedMessage>&)>, std::function<void(const std::shared_ptr<const rclcpp::SerializedMessage>&, const rclcpp::MessageInfo&)>, std::function<void(std::shared_ptr<std_msgs::msg::Float32_<std::allocator<void> > >)>, std::function<void(std::shared_ptr<std_msgs::msg::Float32_<std::allocator<void> > >, const rclcpp::MessageInfo&)>, std::function<void(std::shared_ptr<rclcpp::SerializedMessage>)>, std::function<void(std::shared_ptr<rclcpp::SerializedMessage>, const rclcpp::MessageInfo&)>}][m[K[m[K’
 1431 |       variant& [01;36m[Koperator[m[K=(variant&&) = default;
      |                [01;36m[K^~~~~~~~[m[K
[01m[K/usr/include/c++/13/variant:1431:26:[m[K [01;36m[Knote: [m[K  no known conversion for argument 1 from ‘[01m[Krclcpp::detail::SubscriptionCallbackTypeHelper<std_msgs::msg::Float32_<std::allocator<void> >, std::_Bind<void (MinimalSubscriber::*(MinimalSubscriber*, std::_Placeholder<1>))(const int&) const>, void>::callback_type[m[K’ {aka ‘[01m[Kstd::function<void(const int&)>[m[K’} to ‘[01m[Kstd::variant<std::function<void(const std_msgs::msg::Float32_<std::allocator<void> >&)>, std::function<void(const std_msgs::msg::Float32_<std::allocator<void> >&, const rclcpp::MessageInfo&)>, std::function<void(const rclcpp::SerializedMessage&)>, std::function<void(const rclcpp::SerializedMessage&, const rclcpp::MessageInfo&)>, std::function<void(std::unique_ptr<std_msgs::msg::Float32_<std::allocator<void> >, std::default_delete<std_msgs::msg::Float32_<std::allocator<void> > > >)>, std::function<void(std::unique_ptr<std_msgs::msg::Float32_<std::allocator<void> >, std::default_delete<std_msgs::msg::Float32_<std::allocator<void> > > >, const rclcpp::MessageInfo&)>, std::function<void(std::unique_ptr<rclcpp::SerializedMessage, std::default_delete<rclcpp::SerializedMessage> >)>, std::function<void(std::unique_ptr<rclcpp::SerializedMessage, std::default_delete<rclcpp::SerializedMessage> >, const rclcpp::MessageInfo&)>, std::function<void(std::shared_ptr<const std_msgs::msg::Float32_<std::allocator<void> > >)>, std::function<void(std::shared_ptr<const std_msgs::msg::Float32_<std::allocator<void> > >, const rclcpp::MessageInfo&)>, std::function<void(std::shared_ptr<const rclcpp::SerializedMessage>)>, std::function<void(std::shared_ptr<const rclcpp::SerializedMessage>, const rclcpp::MessageInfo&)>, std::function<void(const std::shared_ptr<const std_msgs::msg::Float32_<std::allocator<void> > >&)>, std::function<void(const std::shared_ptr<const std_msgs::msg::Float32_<std::allocator<void> > >&, const rclcpp::MessageInfo&)>, std::function<void(const std::shared_ptr<const rclcpp::SerializedMessage>&)>, std::function<void(const std::shared_ptr<const rclcpp::SerializedMessage>&, const rclcpp::MessageInfo&)>, std::function<void(std::shared_ptr<std_msgs::msg::Float32_<std::allocator<void> > >)>, std::function<void(std::shared_ptr<std_msgs::msg::Float32_<std::allocator<void> > >, const rclcpp::MessageInfo&)>, std::function<void(std::shared_ptr<rclcpp::SerializedMessage>)>, std::function<void(std::shared_ptr<rclcpp::SerializedMessage>, const rclcpp::MessageInfo&)> >&&[m[K’
 1431 |       variant& operator=([01;36m[Kvariant&&[m[K) = default;
      |                          [01;36m[K^~~~~~~~~[m[K
gmake[2]: *** [CMakeFiles/publisher.dir/build.make:76: CMakeFiles/publisher.dir/src/publisher.cpp.o] Error 1
gmake[1]: *** [CMakeFiles/Makefile2:139: CMakeFiles/publisher.dir/all] Error 2
gmake[1]: *** Waiting for unfinished jobs....
gmake[2]: *** [CMakeFiles/subscriber.dir/build.make:76: CMakeFiles/subscriber.dir/src/subscriber.cpp.o] Error 1
gmake[1]: *** [CMakeFiles/Makefile2:165: CMakeFiles/subscriber.dir/all] Error 2
gmake: *** [Makefile:146: all] Error 2
